evidence_D0_Arg2	4	-2216.0	6.76246830092984E-4 - 0.0 - 0 - 16 - 2217
when_D0_Arg1	8	-2216.0	0.006382079459002536 - 0.0 - 0 - 151 - 2217
when_D0_Arg2	13	-2216.0	0.0040574809805579036 - 0.0 - 0 - 96 - 2217
could_D0_Arg1	14	-2216.0	0.0020287404902789518 - 0.0 - 0 - 48 - 2217
delay_D0_Arg2	18	-2216.0	6.76246830092984E-4 - 0.0 - 0 - 16 - 2217
can_D0_Arg1	19	-2216.0	0.0032967032967032967 - 0.0 - 0 - 78 - 2217
wonder_D0_Arg2	20	-2216.0	4.22654268808115E-5 - 0.0 - 0 - 1 - 2217
appear_D0_Arg1	22	-2216.0	0.001437024513947591 - 0.0 - 0 - 34 - 2217
suggest_D0_Arg1	25	-2216.0	0.0022823330515638206 - 0.0 - 0 - 54 - 2217
consider_D0_Arg2	26	-2216.0	2.5359256128486897E-4 - 0.0 - 0 - 6 - 2217
potentially_D0_Arg1	28	-2216.0	4.6491969568892644E-4 - 0.0 - 0 - 11 - 2217
do_D0_Arg1	32	-2216.0	0.00536770921386306 - 0.0 - 0 - 127 - 2217
would_D0_Arg2	34	-2216.0	1.69061707523246E-4 - 0.0 - 0 - 4 - 2217
either_D0_Arg1	35	-2216.0	7.185122569737955E-4 - 0.0 - 0 - 17 - 2217
remain_D0_Arg2	37	-2216.0	0.0010143702451394759 - 0.0 - 0 - 24 - 2217
once_D0_Arg1	38	-2216.0	1.69061707523246E-4 - 0.0 - 0 - 4 - 2217
should_D0_Arg1	39	-2216.0	2.1132713440405747E-4 - 0.0 - 0 - 5 - 2217
question_D0_Arg1	40	-2216.0	4.22654268808115E-5 - 0.0 - 0 - 1 - 2217
evidence_D0_Arg1	41	-2216.0	3.803888419273035E-4 - 0.0 - 0 - 9 - 2217
interested_in+in_D0_Arg1	44	-2216.0	1.69061707523246E-4 - 0.0 - 0 - 4 - 2217
still_D0_Arg1	45	-2216.0	7.185122569737955E-4 - 0.0 - 0 - 17 - 2217
protect_D0_Arg1	47	-2216.0	4.2265426880811494E-4 - 0.0 - 0 - 10 - 2217
oppose_D0_Arg2	49	-2216.0	1.69061707523246E-4 - 0.0 - 0 - 4 - 2217
where_D0_Arg2	50	-2216.0	0.001521555367709214 - 0.0 - 0 - 36 - 2217
might_D0_Arg1	52	-2216.0	0.0011411665257819103 - 0.0 - 0 - 27 - 2217
before_D0_Arg1	56	-2216.0	6.76246830092984E-4 - 0.0 - 0 - 16 - 2217
before_D0_Arg2	57	-2216.0	2.958579881656805E-4 - 0.0 - 0 - 7 - 2217
will_D0_Arg1	61	-2216.0	2.958579881656805E-4 - 0.0 - 0 - 7 - 2217
conditional_D0_Arg1	62	-2216.0	4.22654268808115E-5 - 0.0 - 0 - 1 - 2217
able_D0_Arg1	63	-2216.0	3.803888419273035E-4 - 0.0 - 0 - 9 - 2217
would_D0_Arg1	64	-2216.0	5.494505494505495E-4 - 0.0 - 0 - 13 - 2217
unless_D0_Arg1	67	-2216.0	8.4530853761623E-5 - 0.0 - 0 - 2 - 2217
target_D0_Arg2	68	-2216.0	9.298393913778529E-4 - 0.0 - 0 - 22 - 2217
where_D0_Arg1	69	-2216.0	1.2679628064243449E-4 - 0.0 - 0 - 3 - 2217
until_D0_Arg1	70	-2216.0	2.1132713440405747E-4 - 0.0 - 0 - 5 - 2217
think_D0_Arg2	71	-2216.0	1.2679628064243449E-4 - 0.0 - 0 - 3 - 2217
unusual_D0_Arg1	74	-2216.0	4.22654268808115E-5 - 0.0 - 0 - 1 - 2217
perhaps_D0_Arg1	78	-2216.0	2.5359256128486897E-4 - 0.0 - 0 - 6 - 2217
consider_D0_Arg1	79	-2216.0	8.4530853761623E-5 - 0.0 - 0 - 2 - 2217
predict_D0_Arg2	80	-2216.0	1.69061707523246E-4 - 0.0 - 0 - 4 - 2217
assume_D0_Arg2	81	-2216.0	8.4530853761623E-5 - 0.0 - 0 - 2 - 2217
reportedly_D0_Arg1	82	-2216.0	4.22654268808115E-5 - 0.0 - 0 - 1 - 2217
some_D0_Arg1	83	-2216.0	8.4530853761623E-5 - 0.0 - 0 - 2 - 2217
realize_D0_Arg2	84	-2216.0	8.4530853761623E-5 - 0.0 - 0 - 2 - 2217
allow_D0_Arg1	85	-2216.0	2.5359256128486897E-4 - 0.0 - 0 - 6 - 2217
allow_D0_Arg2	86	-2216.0	4.2265426880811494E-4 - 0.0 - 0 - 10 - 2217
begin_D0_Arg2	87	-2216.0	8.4530853761623E-5 - 0.0 - 0 - 2 - 2217
target_D0_Arg1	88	-2216.0	2.1132713440405747E-4 - 0.0 - 0 - 5 - 2217
again_D0_Arg1	89	-2216.0	2.958579881656805E-4 - 0.0 - 0 - 7 - 2217
apparent_D0_Arg1	90	-2216.0	1.69061707523246E-4 - 0.0 - 0 - 4 - 2217
need_D0_Arg2	91	-2216.0	8.4530853761623E-5 - 0.0 - 0 - 2 - 2217
sometimes_D0_Arg1	92	-2216.0	4.22654268808115E-5 - 0.0 - 0 - 1 - 2217
idea_D0_Arg2	93	-2216.0	4.22654268808115E-5 - 0.0 - 0 - 1 - 2217
threaten_D0_Arg2	94	-2216.0	4.22654268808115E-5 - 0.0 - 0 - 1 - 2217
delay_D0_Arg1	95	-2216.0	2.5359256128486897E-4 - 0.0 - 0 - 6 - 2217
apparently_D0_Arg1	96	-2216.0	8.4530853761623E-5 - 0.0 - 0 - 2 - 2217
should_D0_Arg2	97	-2216.0	4.22654268808115E-5 - 0.0 - 0 - 1 - 2217
capable_D0_Arg1	98	-2216.0	3.38123415046492E-4 - 0.0 - 0 - 8 - 2217
due_D0_Arg2	99	-2216.0	8.4530853761623E-5 - 0.0 - 0 - 2 - 2217
predict_D0_Arg1	101	-2216.0	8.4530853761623E-5 - 0.0 - 0 - 2 - 2217
generally_D0_Arg1	102	-2216.0	2.5359256128486897E-4 - 0.0 - 0 - 6 - 2217
aim_D0_Arg1	103	-2216.0	1.2679628064243449E-4 - 0.0 - 0 - 3 - 2217
bid_D0_Arg1	104	-2216.0	4.22654268808115E-5 - 0.0 - 0 - 1 - 2217
order_D0_Arg1	105	-2216.0	4.22654268808115E-5 - 0.0 - 0 - 1 - 2217
likely_D0_Arg2	107	-2216.0	8.4530853761623E-5 - 0.0 - 0 - 2 - 2217
need_D0_Arg1	108	-2216.0	4.22654268808115E-5 - 0.0 - 0 - 1 - 2217
estimate_D0_Arg2	109	-2216.0	4.22654268808115E-5 - 0.0 - 0 - 1 - 2217
discussion_D0_Arg1	110	-2216.0	4.22654268808115E-5 - 0.0 - 0 - 1 - 2217
understand_D0_Arg1	111	-2216.0	4.22654268808115E-5 - 0.0 - 0 - 1 - 2217
candidate_D0_Arg1	113	-2216.0	4.22654268808115E-5 - 0.0 - 0 - 1 - 2217
eventually_D0_Arg1	115	-2216.0	1.2679628064243449E-4 - 0.0 - 0 - 3 - 2217
report_evidence_D1_Arg2_Arg2	117	-2216.0	4.22654268808115E-5 - 0.0 - 0 - 1 - 2217
evidence_be_D1_Arg2_Arg1	118	-2216.0	1.69061707523246E-4 - 0.0 - 0 - 4 - 2217
likely_be_D1_Arg2_Arg1	119	-2216.0	1.69061707523246E-4 - 0.0 - 0 - 4 - 2217
be_likely_D1_Arg2_Arg1	120	-2216.0	3.803888419273035E-4 - 0.0 - 0 - 9 - 2217
be_through_D1_Arg2_Arg1	121	-2216.0	1.2679628064243449E-4 - 0.0 - 0 - 3 - 2217
be_parallel_D1_Arg2_Arg1	122	-2216.0	3.38123415046492E-4 - 0.0 - 0 - 8 - 2217
not_in_D1_Arg1_Arg1	123	-2216.0	0.0020287404902789518 - 0.0 - 0 - 48 - 2217
suggest_and_D1_Arg1_Arg2	124	-2216.0	3.803888419273035E-4 - 0.0 - 0 - 9 - 2217
be_shift_D1_Arg2_Arg2	125	-2216.0	8.4530853761623E-5 - 0.0 - 0 - 2 - 2217
suggest_exhibit_D1_Arg2_Arg1	126	-2216.0	1.69061707523246E-4 - 0.0 - 0 - 4 - 2217
be_associate_D1_Arg2_Arg2	128	-2216.0	0.0036348267117497887 - 0.0 - 0 - 86 - 2217
be_accomplish_D1_Arg2_Arg2	129	-2216.0	4.22654268808115E-5 - 0.0 - 0 - 1 - 2217
when_accomplish_D1_Arg2_Arg2	130	-2216.0	4.22654268808115E-5 - 0.0 - 0 - 1 - 2217
be_relevant_D1_Arg2_Arg1	131	-2216.0	4.22654268808115E-5 - 0.0 - 0 - 1 - 2217
suggest_and_D1_Arg1_Arg1	135	-2216.0	4.2265426880811494E-4 - 0.0 - 0 - 10 - 2217
be_characterize_D1_Arg2_Arg1	136	-2216.0	2.958579881656805E-4 - 0.0 - 0 - 7 - 2217
could_inhibit_D1_Arg2_Arg1	138	-2216.0	4.22654268808115E-5 - 0.0 - 0 - 1 - 2217
how_enhance_D1_Arg1_Arg1	139	-2216.0	4.22654268808115E-5 - 0.0 - 0 - 1 - 2217
can_enhance_D1_Arg2_Arg1	140	-2216.0	4.22654268808115E-5 - 0.0 - 0 - 1 - 2217
be_wonder_D1_Arg2_Arg2	141	-2216.0	4.22654268808115E-5 - 0.0 - 0 - 1 - 2217
could_make_D1_Arg2_Arg1	142	-2216.0	4.22654268808115E-5 - 0.0 - 0 - 1 - 2217
suggest_be_D1_Arg2_Arg1	143	-2216.0	0.002155536770921386 - 0.0 - 0 - 51 - 2217
be_unable_D1_Arg2_Arg2	145	-2216.0	8.030431107354185E-4 - 0.0 - 0 - 19 - 2217
suggest_and_D1_Arg2_Arg2	147	-2216.0	1.69061707523246E-4 - 0.0 - 0 - 4 - 2217
when_be_D1_Arg1_Arg1	148	-2216.0	8.4530853761623E-5 - 0.0 - 0 - 2 - 2217
be_visible_D1_Arg2_Arg1	149	-2216.0	8.4530853761623E-5 - 0.0 - 0 - 2 - 2217
be_inhibit_D1_Arg2_Arg2	150	-2216.0	4.2265426880811494E-4 - 0.0 - 0 - 10 - 2217
when_and_D1_Arg2_Arg1	151	-2216.0	8.4530853761623E-5 - 0.0 - 0 - 2 - 2217
be_correlate_D1_Arg2_Arg2	154	-2216.0	5.494505494505495E-4 - 0.0 - 0 - 13 - 2217
able_assign_D1_Arg2_Arg2	155	-2216.0	8.4530853761623E-5 - 0.0 - 0 - 2 - 2217
be_restricted_D1_Arg2_Arg2	156	-2216.0	8.4530853761623E-5 - 0.0 - 0 - 2 - 2217
suggest_restricted_D1_Arg2_Arg2	157	-2216.0	8.4530853761623E-5 - 0.0 - 0 - 2 - 2217
be_great_D1_Arg2_Arg1	158	-2216.0	2.1132713440405747E-4 - 0.0 - 0 - 5 - 2217
be_accompany_D1_Arg2_Arg2	159	-2216.0	5.91715976331361E-4 - 0.0 - 0 - 14 - 2217
not_but_D1_Arg1_Arg1	160	-2216.0	0.0016906170752324597 - 0.0 - 0 - 40 - 2217
not_but_D1_Arg1_Arg2	161	-2216.0	0.001098901098901099 - 0.0 - 0 - 26 - 2217
be_consider_D1_Arg1_Arg2	162	-2216.0	4.22654268808115E-5 - 0.0 - 0 - 1 - 2217
may_consider_D1_Arg1_Arg2	163	-2216.0	4.22654268808115E-5 - 0.0 - 0 - 1 - 2217
be_high_D1_Arg2_Arg1	164	-2216.0	0.0012256973795435333 - 0.0 - 0 - 29 - 2217
be_insufficient_D1_Arg2_Arg1	165	-2216.0	1.2679628064243449E-4 - 0.0 - 0 - 3 - 2217
can_result_D1_Arg2_Arg1	166	-2216.0	8.4530853761623E-5 - 0.0 - 0 - 2 - 2217
be_important_D1_Arg2_Arg1	167	-2216.0	7.60777683854607E-4 - 0.0 - 0 - 18 - 2217
be_present_D1_Arg2_Arg1	168	-2216.0	1.69061707523246E-4 - 0.0 - 0 - 4 - 2217
likely_cause_D1_Arg1_Arg1	169	-2216.0	1.2679628064243449E-4 - 0.0 - 0 - 3 - 2217
be_cause_D1_Arg2_Arg1	170	-2216.0	6.339814032121725E-4 - 0.0 - 0 - 15 - 2217
evidence_and_D1_Arg2_Arg1	172	-2216.0	5.071851225697379E-4 - 0.0 - 0 - 12 - 2217
can_or_D1_Arg1_Arg2	174	-2216.0	1.69061707523246E-4 - 0.0 - 0 - 4 - 2217
could_activate_D1_Arg2_Arg1	177	-2216.0	8.4530853761623E-5 - 0.0 - 0 - 2 - 2217
be_unable_D1_Arg2_Arg1	178	-2216.0	1.69061707523246E-4 - 0.0 - 0 - 4 - 2217
whether_confer_D1_Arg1_Arg1	180	-2216.0	4.22654268808115E-5 - 0.0 - 0 - 1 - 2217
suggest_induce_D1_Arg2_Arg1	181	-2216.0	4.22654268808115E-5 - 0.0 - 0 - 1 - 2217
be_similar_D1_Arg2_Arg1	182	-2216.0	8.030431107354185E-4 - 0.0 - 0 - 19 - 2217
may_suppress_D1_Arg2_Arg1	183	-2216.0	4.22654268808115E-5 - 0.0 - 0 - 1 - 2217
allow_and_D1_Arg2_Arg1	184	-2216.0	4.22654268808115E-5 - 0.0 - 0 - 1 - 2217
not_affect_D1_Arg1_Arg1	185	-2216.0	4.6491969568892644E-4 - 0.0 - 0 - 11 - 2217
do_affect_D1_Arg2_Arg1	186	-2216.0	3.38123415046492E-4 - 0.0 - 0 - 8 - 2217
be_require_D1_Arg2_Arg2	187	-2216.0	0.0020287404902789518 - 0.0 - 0 - 48 - 2217
may_play_D1_Arg2_Arg1	188	-2216.0	7.60777683854607E-4 - 0.0 - 0 - 18 - 2217
suggest_play_D1_Arg2_Arg1	189	-2216.0	4.6491969568892644E-4 - 0.0 - 0 - 11 - 2217
be_attributable_D1_Arg2_Arg1	190	-2216.0	1.69061707523246E-4 - 0.0 - 0 - 4 - 2217
seem_be_D1_Arg2_Arg1	191	-2216.0	1.69061707523246E-4 - 0.0 - 0 - 4 - 2217
not_vary_D1_Arg1_Arg1	193	-2216.0	4.22654268808115E-5 - 0.0 - 0 - 1 - 2217
do_vary_D1_Arg2_Arg1	194	-2216.0	4.22654268808115E-5 - 0.0 - 0 - 1 - 2217
be_impair_D1_Arg2_Arg1	195	-2216.0	8.4530853761623E-5 - 0.0 - 0 - 2 - 2217
be_distinct_D1_Arg2_Arg1	196	-2216.0	4.6491969568892644E-4 - 0.0 - 0 - 11 - 2217
not_correlate_D1_Arg1_Arg1	197	-2216.0	2.5359256128486897E-4 - 0.0 - 0 - 6 - 2217
do_correlate_D1_Arg2_Arg1	198	-2216.0	2.5359256128486897E-4 - 0.0 - 0 - 6 - 2217
be_mediate_D1_Arg2_Arg2	199	-2216.0	5.91715976331361E-4 - 0.0 - 0 - 14 - 2217
be_-_D1_Arg1_Arg2	200	-2216.0	0.002704987320371936 - 0.0 - 0 - 64 - 2217
be_silence_D1_Arg2_Arg1	202	-2216.0	8.4530853761623E-5 - 0.0 - 0 - 2 - 2217
may_participate_D1_Arg2_Arg1	203	-2216.0	1.2679628064243449E-4 - 0.0 - 0 - 3 - 2217
be_obtain_D1_Arg2_Arg2	204	-2216.0	2.5359256128486897E-4 - 0.0 - 0 - 6 - 2217
not_inhibit_D1_Arg1_Arg1	205	-2216.0	8.4530853761623E-5 - 0.0 - 0 - 2 - 2217
do_inhibit_D1_Arg2_Arg1	206	-2216.0	8.4530853761623E-5 - 0.0 - 0 - 2 - 2217
due_to_D1_Arg1_Arg2	207	-2216.0	0.0014792899408284023 - 0.0 - 0 - 35 - 2217
be_to_D1_Arg2_Arg2	208	-2216.0	7.60777683854607E-4 - 0.0 - 0 - 18 - 2217
not_exert_D1_Arg1_Arg2	211	-2216.0	2.958579881656805E-4 - 0.0 - 0 - 7 - 2217
be_exert_D1_Arg2_Arg2	212	-2216.0	4.22654268808115E-5 - 0.0 - 0 - 1 - 2217
be_nor_D1_Arg1_Arg1	213	-2216.0	8.4530853761623E-5 - 0.0 - 0 - 2 - 2217
appear_nor_D1_Arg1_Arg1	214	-2216.0	4.22654268808115E-5 - 0.0 - 0 - 1 - 2217
be_compatible_D1_Arg2_Arg1	215	-2216.0	1.2679628064243449E-4 - 0.0 - 0 - 3 - 2217
can_-_D1_Arg1_Arg2	216	-2216.0	8.4530853761623E-5 - 0.0 - 0 - 2 - 2217
not_of_D1_Arg1_Arg1	217	-2216.0	0.0019019442096365174 - 0.0 - 0 - 45 - 2217
be_see_D1_Arg2_Arg2	218	-2216.0	7.185122569737955E-4 - 0.0 - 0 - 17 - 2217
when_place_D1_Arg1_Arg2	221	-2216.0	4.22654268808115E-5 - 0.0 - 0 - 1 - 2217
not_modulate_D1_Arg1_Arg2	226	-2216.0	8.4530853761623E-5 - 0.0 - 0 - 2 - 2217
be_modulate_D1_Arg2_Arg2	227	-2216.0	8.4530853761623E-5 - 0.0 - 0 - 2 - 2217
report_and_D1_Arg2_Arg1	228	-2216.0	4.2265426880811494E-4 - 0.0 - 0 - 10 - 2217
can_and_D1_Arg2_Arg1	229	-2216.0	5.071851225697379E-4 - 0.0 - 0 - 12 - 2217
be_demonstrate_D1_Arg2_Arg2	232	-2216.0	7.185122569737955E-4 - 0.0 - 0 - 17 - 2217
be_normal_D1_Arg2_Arg1	233	-2216.0	4.2265426880811494E-4 - 0.0 - 0 - 10 - 2217
be_block_D1_Arg2_Arg2	234	-2216.0	4.2265426880811494E-4 - 0.0 - 0 - 10 - 2217
be_accompany_D1_Arg2_Arg1	235	-2216.0	0.0011411665257819103 - 0.0 - 0 - 27 - 2217
be_observe_D1_Arg2_Arg2	238	-2216.0	0.005494505494505495 - 0.0 - 0 - 130 - 2217
can_induce_D1_Arg2_Arg1	239	-2216.0	1.2679628064243449E-4 - 0.0 - 0 - 3 - 2217
be_regulate_D1_Arg2_Arg2	240	-2216.0	0.002197802197802198 - 0.0 - 0 - 52 - 2217
seem_cause_D1_Arg2_Arg1	242	-2216.0	8.4530853761623E-5 - 0.0 - 0 - 2 - 2217
be_pursue_D1_Arg2_Arg2	244	-2216.0	4.22654268808115E-5 - 0.0 - 0 - 1 - 2217
should_pursue_D1_Arg2_Arg2	245	-2216.0	4.22654268808115E-5 - 0.0 - 0 - 1 - 2217
possible_mechanism_D1_Arg1_Arg1	246	-2216.0	8.4530853761623E-5 - 0.0 - 0 - 2 - 2217
when_compare_D1_Arg2_Arg1	248	-2216.0	2.958579881656805E-4 - 0.0 - 0 - 7 - 2217
still_and_D1_Arg1_Arg1	250	-2216.0	4.22654268808115E-5 - 0.0 - 0 - 1 - 2217
suggest_associate_D1_Arg2_Arg2	251	-2216.0	2.1132713440405747E-4 - 0.0 - 0 - 5 - 2217
be_prove_D1_Arg2_Arg2	252	-2216.0	8.4530853761623E-5 - 0.0 - 0 - 2 - 2217
should_be_D1_Arg1_Arg1	253	-2216.0	4.22654268808115E-5 - 0.0 - 0 - 1 - 2217
be_sufficient_D1_Arg2_Arg1	254	-2216.0	0.001183431952662722 - 0.0 - 0 - 28 - 2217
be_activate_D1_Arg2_Arg1	256	-2216.0	1.2679628064243449E-4 - 0.0 - 0 - 3 - 2217
be_essential_D1_Arg2_Arg1	257	-2216.0	6.76246830092984E-4 - 0.0 - 0 - 16 - 2217
be_susceptible_D1_Arg2_Arg1	258	-2216.0	8.4530853761623E-5 - 0.0 - 0 - 2 - 2217
be_lose_D1_Arg2_Arg2	259	-2216.0	1.2679628064243449E-4 - 0.0 - 0 - 3 - 2217
can_regulate_D1_Arg2_Arg2	260	-2216.0	2.5359256128486897E-4 - 0.0 - 0 - 6 - 2217
be_up_D1_Arg2_Arg1	261	-2216.0	2.1132713440405747E-4 - 0.0 - 0 - 5 - 2217
not_only_D1_Arg1_Arg1	262	-2216.0	2.1132713440405747E-4 - 0.0 - 0 - 5 - 2217
may_as_D1_Arg1_Arg1	263	-2216.0	2.5359256128486897E-4 - 0.0 - 0 - 6 - 2217
be_defective_D1_Arg2_Arg1	264	-2216.0	4.22654268808115E-5 - 0.0 - 0 - 1 - 2217
be_restore_D1_Arg2_Arg2	265	-2216.0	2.1132713440405747E-4 - 0.0 - 0 - 5 - 2217
be_restore_D1_Arg2_Arg1	266	-2216.0	1.2679628064243449E-4 - 0.0 - 0 - 3 - 2217
suggest_require_D1_Arg2_Arg2	267	-2216.0	8.4530853761623E-5 - 0.0 - 0 - 2 - 2217
not_restore_D1_Arg1_Arg1	268	-2216.0	1.2679628064243449E-4 - 0.0 - 0 - 3 - 2217
do_restore_D1_Arg2_Arg1	269	-2216.0	2.1132713440405747E-4 - 0.0 - 0 - 5 - 2217
not_correct_D1_Arg1_Arg1	270	-2216.0	4.22654268808115E-5 - 0.0 - 0 - 1 - 2217
do_correct_D1_Arg2_Arg1	271	-2216.0	4.22654268808115E-5 - 0.0 - 0 - 1 - 2217
not_correct_D1_Arg1_Arg2	272	-2216.0	4.22654268808115E-5 - 0.0 - 0 - 1 - 2217
do_correct_D1_Arg2_Arg2	273	-2216.0	4.22654268808115E-5 - 0.0 - 0 - 1 - 2217
not_regulate_D1_Arg1_Arg2	274	-2216.0	2.5359256128486897E-4 - 0.0 - 0 - 6 - 2217
usually_indicate_D1_Arg1_Arg2	275	-2216.0	4.22654268808115E-5 - 0.0 - 0 - 1 - 2217
appear_-_D1_Arg1_Arg2	277	-2216.0	4.22654268808115E-5 - 0.0 - 0 - 1 - 2217
be_necessary_D1_Arg2_Arg1	278	-2216.0	3.803888419273035E-4 - 0.0 - 0 - 9 - 2217
any_-_D1_Arg1_Arg2	279	-2216.0	8.4530853761623E-5 - 0.0 - 0 - 2 - 2217
can_contribute_D1_Arg2_Arg1	280	-2216.0	4.22654268808115E-5 - 0.0 - 0 - 1 - 2217
appear_direct_D1_Arg2_Arg1	281	-2216.0	4.22654268808115E-5 - 0.0 - 0 - 1 - 2217
not_stimulate_D1_Arg1_Arg2	282	-2216.0	4.22654268808115E-5 - 0.0 - 0 - 1 - 2217
do_stimulate_D1_Arg2_Arg2	283	-2216.0	4.22654268808115E-5 - 0.0 - 0 - 1 - 2217
not_require_D1_Arg1_Arg1	285	-2216.0	3.38123415046492E-4 - 0.0 - 0 - 8 - 2217
do_require_D1_Arg2_Arg1	286	-2216.0	3.38123415046492E-4 - 0.0 - 0 - 8 - 2217
be_relative_D1_Arg2_Arg1	287	-2216.0	4.22654268808115E-5 - 0.0 - 0 - 1 - 2217
not_describe_D1_Arg1_Arg2	288	-2216.0	4.22654268808115E-5 - 0.0 - 0 - 1 - 2217
be_describe_D1_Arg2_Arg2	289	-2216.0	5.071851225697379E-4 - 0.0 - 0 - 12 - 2217
predict_and_D1_Arg2_Arg2	292	-2216.0	4.22654268808115E-5 - 0.0 - 0 - 1 - 2217
interested_in+in_vivo_D1_Arg1_Arg1	293	-2216.0	8.4530853761623E-5 - 0.0 - 0 - 2 - 2217
can_drive_D1_Arg2_Arg2	294	-2216.0	4.22654268808115E-5 - 0.0 - 0 - 1 - 2217
able_restore_D1_Arg2_Arg2	295	-2216.0	4.22654268808115E-5 - 0.0 - 0 - 1 - 2217
not_have_D1_Arg1_Arg2	296	-2216.0	3.38123415046492E-4 - 0.0 - 0 - 8 - 2217
do_have_D1_Arg2_Arg2	297	-2216.0	3.38123415046492E-4 - 0.0 - 0 - 8 - 2217
not_disrupt_D1_Arg1_Arg1	298	-2216.0	8.4530853761623E-5 - 0.0 - 0 - 2 - 2217
do_disrupt_D1_Arg2_Arg1	299	-2216.0	8.4530853761623E-5 - 0.0 - 0 - 2 - 2217
be_but_D1_Arg2_Arg1	300	-2216.0	6.339814032121725E-4 - 0.0 - 0 - 15 - 2217
not_detect_D1_Arg1_Arg2	301	-2216.0	2.958579881656805E-4 - 0.0 - 0 - 7 - 2217
must_and_D1_Arg1_Arg1	302	-2216.0	4.22654268808115E-5 - 0.0 - 0 - 1 - 2217
must_and_D1_Arg1_Arg2	303	-2216.0	4.22654268808115E-5 - 0.0 - 0 - 1 - 2217
not_require_D1_Arg1_Arg2	304	-2216.0	3.38123415046492E-4 - 0.0 - 0 - 8 - 2217
may_provide_D1_Arg2_Arg1	305	-2216.0	2.958579881656805E-4 - 0.0 - 0 - 7 - 2217
suggest_provide_D1_Arg2_Arg1	306	-2216.0	8.4530853761623E-5 - 0.0 - 0 - 2 - 2217
suggest_contribute_D1_Arg2_Arg1	308	-2216.0	1.69061707523246E-4 - 0.0 - 0 - 4 - 2217
be_-_D1_Arg2_Arg1	309	-2216.0	1.2679628064243449E-4 - 0.0 - 0 - 3 - 2217
evidence_be_D1_Arg2_Arg2	311	-2216.0	1.2679628064243449E-4 - 0.0 - 0 - 3 - 2217
determine_and_D1_Arg1_Arg2	312	-2216.0	1.2679628064243449E-4 - 0.0 - 0 - 3 - 2217
not_to_D1_Arg1_Arg1	313	-2216.0	3.38123415046492E-4 - 0.0 - 0 - 8 - 2217
be_discuss_D1_Arg2_Arg2	315	-2216.0	1.2679628064243449E-4 - 0.0 - 0 - 3 - 2217
be_consider_D1_Arg2_Arg2	316	-2216.0	1.2679628064243449E-4 - 0.0 - 0 - 3 - 2217
understand_and_D1_Arg2_Arg1	318	-2216.0	8.4530853761623E-5 - 0.0 - 0 - 2 - 2217
when_observe_D1_Arg1_Arg2	320	-2216.0	9.298393913778529E-4 - 0.0 - 0 - 22 - 2217
when_demonstrate_D1_Arg1_Arg2	321	-2216.0	8.4530853761623E-5 - 0.0 - 0 - 2 - 2217
could_detect_D1_Arg2_Arg2	322	-2216.0	1.2679628064243449E-4 - 0.0 - 0 - 3 - 2217
apparently_to_D1_Arg1_Arg2	323	-2216.0	4.22654268808115E-5 - 0.0 - 0 - 1 - 2217
do_exert_D1_Arg2_Arg2	325	-2216.0	2.5359256128486897E-4 - 0.0 - 0 - 6 - 2217
report_restore_D1_Arg2_Arg1	326	-2216.0	8.4530853761623E-5 - 0.0 - 0 - 2 - 2217
not_involve_D1_Arg1_Arg2	327	-2216.0	5.071851225697379E-4 - 0.0 - 0 - 12 - 2217
be_involve_D1_Arg2_Arg2	328	-2216.0	7.185122569737955E-4 - 0.0 - 0 - 17 - 2217
likely_play_D1_Arg2_Arg1	329	-2216.0	8.4530853761623E-5 - 0.0 - 0 - 2 - 2217
not_abrogate_D1_Arg1_Arg1	330	-2216.0	8.4530853761623E-5 - 0.0 - 0 - 2 - 2217
do_abrogate_D1_Arg2_Arg1	331	-2216.0	8.4530853761623E-5 - 0.0 - 0 - 2 - 2217
be_suppress_D1_Arg2_Arg1	332	-2216.0	2.5359256128486897E-4 - 0.0 - 0 - 6 - 2217
be_or_D1_Arg2_Arg2	333	-2216.0	2.958579881656805E-4 - 0.0 - 0 - 7 - 2217
be_hamper_D1_Arg2_Arg1	334	-2216.0	8.4530853761623E-5 - 0.0 - 0 - 2 - 2217
be_induce_D1_Arg2_Arg2	335	-2216.0	8.030431107354185E-4 - 0.0 - 0 - 19 - 2217
be_activate_D1_Arg2_Arg2	336	-2216.0	8.4530853761623E-5 - 0.0 - 0 - 2 - 2217
be_delay_D1_Arg2_Arg2	337	-2216.0	4.22654268808115E-5 - 0.0 - 0 - 1 - 2217
evidence_compromise_D1_Arg2_Arg1	338	-2216.0	4.22654268808115E-5 - 0.0 - 0 - 1 - 2217
evidence_compromise_D1_Arg2_Arg2	339	-2216.0	4.22654268808115E-5 - 0.0 - 0 - 1 - 2217
be_affect_D1_Arg2_Arg1	340	-2216.0	1.2679628064243449E-4 - 0.0 - 0 - 3 - 2217
be_find_D1_Arg2_Arg2	341	-2216.0	0.0020287404902789518 - 0.0 - 0 - 48 - 2217
be_helpful_D1_Arg2_Arg1	342	-2216.0	4.22654268808115E-5 - 0.0 - 0 - 1 - 2217
be_affect_D1_Arg2_Arg2	344	-2216.0	3.38123415046492E-4 - 0.0 - 0 - 8 - 2217
be_reduce_D1_Arg2_Arg2	345	-2216.0	2.958579881656805E-4 - 0.0 - 0 - 7 - 2217
be_useful_D1_Arg2_Arg1	346	-2216.0	1.2679628064243449E-4 - 0.0 - 0 - 3 - 2217
may_contribute_D1_Arg2_Arg1	347	-2216.0	6.339814032121725E-4 - 0.0 - 0 - 15 - 2217
might_be_D1_Arg2_Arg1	348	-2216.0	4.6491969568892644E-4 - 0.0 - 0 - 11 - 2217
not_mimic_D1_Arg1_Arg2	350	-2216.0	4.22654268808115E-5 - 0.0 - 0 - 1 - 2217
be_mimic_D1_Arg2_Arg2	351	-2216.0	4.22654268808115E-5 - 0.0 - 0 - 1 - 2217
not_mimic_D1_Arg1_Arg1	352	-2216.0	4.22654268808115E-5 - 0.0 - 0 - 1 - 2217
be_mimic_D1_Arg2_Arg1	353	-2216.0	4.22654268808115E-5 - 0.0 - 0 - 1 - 2217
may_occur_D1_Arg2_Arg1	354	-2216.0	2.1132713440405747E-4 - 0.0 - 0 - 5 - 2217
suggest_occur_D1_Arg2_Arg1	355	-2216.0	2.1132713440405747E-4 - 0.0 - 0 - 5 - 2217
before_study_D1_Arg1_Arg2	356	-2216.0	4.22654268808115E-5 - 0.0 - 0 - 1 - 2217
should_study_D1_Arg2_Arg2	357	-2216.0	4.22654268808115E-5 - 0.0 - 0 - 1 - 2217
be_identify_D1_Arg2_Arg2	358	-2216.0	4.6491969568892644E-4 - 0.0 - 0 - 11 - 2217
how_modulate_D1_Arg1_Arg1	359	-2216.0	4.22654268808115E-5 - 0.0 - 0 - 1 - 2217
can_modulate_D1_Arg2_Arg1	360	-2216.0	4.22654268808115E-5 - 0.0 - 0 - 1 - 2217
report_exert_D1_Arg2_Arg1	361	-2216.0	8.4530853761623E-5 - 0.0 - 0 - 2 - 2217
be_report_D1_Arg2_Arg2	362	-2216.0	1.69061707523246E-4 - 0.0 - 0 - 4 - 2217
likely_evoke_D1_Arg2_Arg2	363	-2216.0	4.22654268808115E-5 - 0.0 - 0 - 1 - 2217
be_evoke_D1_Arg2_Arg2	364	-2216.0	4.22654268808115E-5 - 0.0 - 0 - 1 - 2217
likely_be_D1_Arg1_Arg1	365	-2216.0	8.4530853761623E-5 - 0.0 - 0 - 2 - 2217
be_be_D1_Arg1_Arg1	366	-2216.0	8.4530853761623E-5 - 0.0 - 0 - 2 - 2217
be_for_D1_Arg2_Arg1	367	-2216.0	4.22654268808115E-5 - 0.0 - 0 - 1 - 2217
be_for_D1_Arg2_Arg2	368	-2216.0	4.22654268808115E-5 - 0.0 - 0 - 1 - 2217
be_conditional_D1_Arg2_Arg1	370	-2216.0	4.22654268808115E-5 - 0.0 - 0 - 1 - 2217
be_common_D1_Arg2_Arg1	371	-2216.0	1.69061707523246E-4 - 0.0 - 0 - 4 - 2217
be_dependent_D1_Arg2_Arg1	372	-2216.0	5.494505494505495E-4 - 0.0 - 0 - 13 - 2217
how_and_D1_Arg1_Arg1	373	-2216.0	4.22654268808115E-5 - 0.0 - 0 - 1 - 2217
be_able_D1_Arg2_Arg1	374	-2216.0	3.803888419273035E-4 - 0.0 - 0 - 9 - 2217
whether_have_D1_Arg1_Arg1	375	-2216.0	1.69061707523246E-4 - 0.0 - 0 - 4 - 2217
would_have_D1_Arg2_Arg1	376	-2216.0	4.22654268808115E-5 - 0.0 - 0 - 1 - 2217
determine_have_D1_Arg2_Arg1	377	-2216.0	4.22654268808115E-5 - 0.0 - 0 - 1 - 2217
would_have_D1_Arg2_Arg2	378	-2216.0	4.22654268808115E-5 - 0.0 - 0 - 1 - 2217
determine_have_D1_Arg2_Arg2	379	-2216.0	4.22654268808115E-5 - 0.0 - 0 - 1 - 2217
be_-_D1_Arg2_Arg2	380	-2216.0	1.69061707523246E-4 - 0.0 - 0 - 4 - 2217
not_sufficient_D1_Arg1_Arg2	383	-2216.0	8.4530853761623E-5 - 0.0 - 0 - 2 - 2217
possibly_by_D1_Arg1_Arg1	384	-2216.0	4.22654268808115E-5 - 0.0 - 0 - 1 - 2217
possibly_by_D1_Arg1_Arg2	385	-2216.0	4.22654268808115E-5 - 0.0 - 0 - 1 - 2217
suggest_make_D1_Arg2_Arg2	386	-2216.0	8.4530853761623E-5 - 0.0 - 0 - 2 - 2217
can_make_D1_Arg2_Arg2	387	-2216.0	8.4530853761623E-5 - 0.0 - 0 - 2 - 2217
not_modify_D1_Arg1_Arg2	388	-2216.0	1.69061707523246E-4 - 0.0 - 0 - 4 - 2217
do_involve_D1_Arg2_Arg2	389	-2216.0	3.38123415046492E-4 - 0.0 - 0 - 8 - 2217
target_and_D1_Arg2_Arg1	390	-2216.0	8.4530853761623E-5 - 0.0 - 0 - 2 - 2217
when_and_D1_Arg1_Arg2	391	-2216.0	4.2265426880811494E-4 - 0.0 - 0 - 10 - 2217
be_be_D1_Arg2_Arg1	393	-2216.0	1.2679628064243449E-4 - 0.0 - 0 - 3 - 2217
be_efficacious_D1_Arg2_Arg1	394	-2216.0	4.22654268808115E-5 - 0.0 - 0 - 1 - 2217
will_be_D1_Arg2_Arg1	395	-2216.0	4.22654268808115E-5 - 0.0 - 0 - 1 - 2217
will_be_D1_Arg2_Arg2	397	-2216.0	8.4530853761623E-5 - 0.0 - 0 - 2 - 2217
before_be_D1_Arg1_Arg2	398	-2216.0	8.4530853761623E-5 - 0.0 - 0 - 2 - 2217
possibly_because_D1_Arg1_Arg1	399	-2216.0	8.4530853761623E-5 - 0.0 - 0 - 2 - 2217
be_because_D1_Arg2_Arg2	401	-2216.0	4.22654268808115E-5 - 0.0 - 0 - 1 - 2217
where_and_D1_Arg2_Arg1	402	-2216.0	4.22654268808115E-5 - 0.0 - 0 - 1 - 2217
be_constitutive_D1_Arg2_Arg1	403	-2216.0	4.22654268808115E-5 - 0.0 - 0 - 1 - 2217
not_on_D1_Arg1_Arg1	404	-2216.0	1.69061707523246E-4 - 0.0 - 0 - 4 - 2217
not_impair_D1_Arg1_Arg1	405	-2216.0	8.4530853761623E-5 - 0.0 - 0 - 2 - 2217
do_impair_D1_Arg2_Arg1	406	-2216.0	8.4530853761623E-5 - 0.0 - 0 - 2 - 2217
due_to_D1_Arg1_Arg1	407	-2216.0	7.60777683854607E-4 - 0.0 - 0 - 18 - 2217
be_to_D1_Arg2_Arg1	408	-2216.0	4.6491969568892644E-4 - 0.0 - 0 - 11 - 2217
investigate_be_D1_Arg2_Arg1	409	-2216.0	1.69061707523246E-4 - 0.0 - 0 - 4 - 2217
be_constant_D1_Arg2_Arg1	410	-2216.0	4.22654268808115E-5 - 0.0 - 0 - 1 - 2217
be_repress_D1_Arg2_Arg2	412	-2216.0	4.22654268808115E-5 - 0.0 - 0 - 1 - 2217
be_consistent_D1_Arg2_Arg1	413	-2216.0	2.1132713440405747E-4 - 0.0 - 0 - 5 - 2217
possibly_function_D1_Arg1_Arg1	414	-2216.0	4.22654268808115E-5 - 0.0 - 0 - 1 - 2217
evidence_and_D1_Arg1_Arg2	415	-2216.0	1.2679628064243449E-4 - 0.0 - 0 - 3 - 2217
appear_and_D1_Arg1_Arg1	416	-2216.0	8.4530853761623E-5 - 0.0 - 0 - 2 - 2217
be_note_D1_Arg2_Arg2	417	-2216.0	2.1132713440405747E-4 - 0.0 - 0 - 5 - 2217
not_review_D1_Arg1_Arg2	418	-2216.0	4.22654268808115E-5 - 0.0 - 0 - 1 - 2217
can_review_D1_Arg2_Arg2	419	-2216.0	4.22654268808115E-5 - 0.0 - 0 - 1 - 2217
be_upregulat_D1_Arg2_Arg2	420	-2216.0	8.4530853761623E-5 - 0.0 - 0 - 2 - 2217
report_be_D1_Arg2_Arg2	422	-2216.0	1.2679628064243449E-4 - 0.0 - 0 - 3 - 2217
again_in_D1_Arg1_Arg1	423	-2216.0	1.69061707523246E-4 - 0.0 - 0 - 4 - 2217
be_restricted_D1_Arg2_Arg1	424	-2216.0	5.494505494505495E-4 - 0.0 - 0 - 13 - 2217
not_with_D1_Arg1_Arg1	425	-2216.0	0.0013102282333051563 - 0.0 - 0 - 31 - 2217
may_represent_D1_Arg2_Arg1	428	-2216.0	2.958579881656805E-4 - 0.0 - 0 - 7 - 2217
be_rapid_D1_Arg2_Arg1	429	-2216.0	4.22654268808115E-5 - 0.0 - 0 - 1 - 2217
propose_be_D1_Arg2_Arg1	430	-2216.0	1.2679628064243449E-4 - 0.0 - 0 - 3 - 2217
not_inhibit_D1_Arg1_Arg2	431	-2216.0	8.4530853761623E-5 - 0.0 - 0 - 2 - 2217
do_inhibit_D1_Arg2_Arg2	432	-2216.0	4.22654268808115E-5 - 0.0 - 0 - 1 - 2217
if_serve_D1_Arg1_Arg1	434	-2216.0	4.22654268808115E-5 - 0.0 - 0 - 1 - 2217
determine_serve_D1_Arg2_Arg1	435	-2216.0	4.22654268808115E-5 - 0.0 - 0 - 1 - 2217
can_serve_D1_Arg2_Arg1	436	-2216.0	4.22654268808115E-5 - 0.0 - 0 - 1 - 2217
may_involve_D1_Arg2_Arg1	437	-2216.0	8.4530853761623E-5 - 0.0 - 0 - 2 - 2217
seem_activate_D1_Arg2_Arg1	438	-2216.0	8.4530853761623E-5 - 0.0 - 0 - 2 - 2217
can_prevent_D1_Arg2_Arg1	441	-2216.0	1.69061707523246E-4 - 0.0 - 0 - 4 - 2217
do_confirm_D1_Arg2_Arg2	442	-2216.0	4.22654268808115E-5 - 0.0 - 0 - 1 - 2217
suggest_discovery_D1_Arg1_Arg2	443	-2216.0	4.22654268808115E-5 - 0.0 - 0 - 1 - 2217
when_only_D1_Arg1_Arg2	444	-2216.0	1.2679628064243449E-4 - 0.0 - 0 - 3 - 2217
not_lead_D1_Arg1_Arg1	445	-2216.0	8.4530853761623E-5 - 0.0 - 0 - 2 - 2217
do_lead_D1_Arg2_Arg1	446	-2216.0	8.4530853761623E-5 - 0.0 - 0 - 2 - 2217
be_confirm_D1_Arg2_Arg2	447	-2216.0	7.60777683854607E-4 - 0.0 - 0 - 18 - 2217
where_cause_D1_Arg2_Arg2	448	-2216.0	4.22654268808115E-5 - 0.0 - 0 - 1 - 2217
be_inhibit_D1_Arg2_Arg1	449	-2216.0	5.91715976331361E-4 - 0.0 - 0 - 14 - 2217
be_maximal_D1_Arg2_Arg1	450	-2216.0	1.2679628064243449E-4 - 0.0 - 0 - 3 - 2217
may_interfere_D1_Arg2_Arg1	451	-2216.0	8.4530853761623E-5 - 0.0 - 0 - 2 - 2217
be_or_D1_Arg2_Arg1	452	-2216.0	2.958579881656805E-4 - 0.0 - 0 - 7 - 2217
not_block_D1_Arg1_Arg1	453	-2216.0	1.69061707523246E-4 - 0.0 - 0 - 4 - 2217
do_block_D1_Arg2_Arg1	454	-2216.0	1.69061707523246E-4 - 0.0 - 0 - 4 - 2217
not_interfere_D1_Arg1_Arg1	455	-2216.0	1.69061707523246E-4 - 0.0 - 0 - 4 - 2217
do_interfere_D1_Arg2_Arg1	456	-2216.0	1.69061707523246E-4 - 0.0 - 0 - 4 - 2217
be_adapt_D1_Arg2_Arg2	457	-2216.0	4.22654268808115E-5 - 0.0 - 0 - 1 - 2217
typically_find_D1_Arg1_Arg2	458	-2216.0	4.22654268808115E-5 - 0.0 - 0 - 1 - 2217
be_distinguish_D1_Arg2_Arg1	459	-2216.0	8.4530853761623E-5 - 0.0 - 0 - 2 - 2217
not_appear_D1_Arg1_Arg1	460	-2216.0	2.958579881656805E-4 - 0.0 - 0 - 7 - 2217
do_appear_D1_Arg2_Arg1	461	-2216.0	2.958579881656805E-4 - 0.0 - 0 - 7 - 2217
when_inhibit_D1_Arg1_Arg1	462	-2216.0	1.2679628064243449E-4 - 0.0 - 0 - 3 - 2217
be_suppress_D1_Arg2_Arg2	463	-2216.0	2.1132713440405747E-4 - 0.0 - 0 - 5 - 2217
could_include_D1_Arg2_Arg2	465	-2216.0	8.4530853761623E-5 - 0.0 - 0 - 2 - 2217
be_nonspecific_D1_Arg2_Arg1	466	-2216.0	4.22654268808115E-5 - 0.0 - 0 - 1 - 2217
be_of_D1_Arg2_Arg1	467	-2216.0	2.5359256128486897E-4 - 0.0 - 0 - 6 - 2217
be_think_D1_Arg2_Arg2	468	-2216.0	1.2679628064243449E-4 - 0.0 - 0 - 3 - 2217
can_disrupt_D1_Arg2_Arg1	469	-2216.0	8.4530853761623E-5 - 0.0 - 0 - 2 - 2217
may_require_D1_Arg2_Arg2	470	-2216.0	4.22654268808115E-5 - 0.0 - 0 - 1 - 2217
if_be_D1_Arg2_Arg1	471	-2216.0	1.2679628064243449E-4 - 0.0 - 0 - 3 - 2217
likely_require_D1_Arg2_Arg2	473	-2216.0	8.4530853761623E-5 - 0.0 - 0 - 2 - 2217
either_or_D1_Arg1_Arg1	474	-2216.0	2.1132713440405747E-4 - 0.0 - 0 - 5 - 2217
do_or_D1_Arg1_Arg1	475	-2216.0	0.0010143702451394759 - 0.0 - 0 - 24 - 2217
might_require_D1_Arg2_Arg2	478	-2216.0	4.22654268808115E-5 - 0.0 - 0 - 1 - 2217
be_control_D1_Arg2_Arg2	479	-2216.0	1.2679628064243449E-4 - 0.0 - 0 - 3 - 2217
be_mediate_D1_Arg2_Arg1	480	-2216.0	6.339814032121725E-4 - 0.0 - 0 - 15 - 2217
not_couple_D1_Arg1_Arg2	482	-2216.0	8.4530853761623E-5 - 0.0 - 0 - 2 - 2217
be_couple_D1_Arg2_Arg2	483	-2216.0	1.2679628064243449E-4 - 0.0 - 0 - 3 - 2217
either_or_D1_Arg1_Arg2	484	-2216.0	5.071851225697379E-4 - 0.0 - 0 - 12 - 2217
not_obscure_D1_Arg1_Arg1	485	-2216.0	4.22654268808115E-5 - 0.0 - 0 - 1 - 2217
would_obscure_D1_Arg2_Arg1	486	-2216.0	4.22654268808115E-5 - 0.0 - 0 - 1 - 2217
strategy_represent_D1_Arg1_Arg1	487	-2216.0	4.22654268808115E-5 - 0.0 - 0 - 1 - 2217
report_regulate_D1_Arg2_Arg2	488	-2216.0	4.22654268808115E-5 - 0.0 - 0 - 1 - 2217
may_but_D1_Arg2_Arg2	490	-2216.0	4.22654268808115E-5 - 0.0 - 0 - 1 - 2217
could_be_D1_Arg2_Arg1	491	-2216.0	8.4530853761623E-5 - 0.0 - 0 - 2 - 2217
remain_high_D1_Arg2_Arg1	492	-2216.0	2.5359256128486897E-4 - 0.0 - 0 - 6 - 2217
not_observe_D1_Arg1_Arg2	493	-2216.0	1.69061707523246E-4 - 0.0 - 0 - 4 - 2217
do_observe_D1_Arg2_Arg2	494	-2216.0	1.69061707523246E-4 - 0.0 - 0 - 4 - 2217
suggest_increase_D1_Arg2_Arg1	495	-2216.0	1.69061707523246E-4 - 0.0 - 0 - 4 - 2217
suggest_fact_D1_Arg1_Arg2	496	-2216.0	8.4530853761623E-5 - 0.0 - 0 - 2 - 2217
be_inoculate_D1_Arg2_Arg2	497	-2216.0	4.22654268808115E-5 - 0.0 - 0 - 1 - 2217
be_cause_D1_Arg1_Arg1	498	-2216.0	8.4530853761623E-5 - 0.0 - 0 - 2 - 2217
might_cause_D1_Arg2_Arg1	499	-2216.0	8.4530853761623E-5 - 0.0 - 0 - 2 - 2217
seem_and_D1_Arg1_Arg2	500	-2216.0	8.4530853761623E-5 - 0.0 - 0 - 2 - 2217
likely_base_D1_Arg1_Arg2	501	-2216.0	4.22654268808115E-5 - 0.0 - 0 - 1 - 2217
argue_base_D1_Arg2_Arg2	502	-2216.0	4.22654268808115E-5 - 0.0 - 0 - 1 - 2217
be_base_D1_Arg2_Arg2	503	-2216.0	4.22654268808115E-5 - 0.0 - 0 - 1 - 2217
if_analyze_D1_Arg1_Arg2	504	-2216.0	8.4530853761623E-5 - 0.0 - 0 - 2 - 2217
where_occur_D1_Arg2_Arg1	505	-2216.0	4.22654268808115E-5 - 0.0 - 0 - 1 - 2217
can_occur_D1_Arg2_Arg1	506	-2216.0	1.2679628064243449E-4 - 0.0 - 0 - 3 - 2217
report_appear_D1_Arg2_Arg2	507	-2216.0	4.22654268808115E-5 - 0.0 - 0 - 1 - 2217
may_depend_D1_Arg2_Arg2	508	-2216.0	4.22654268808115E-5 - 0.0 - 0 - 1 - 2217
may_depend_D1_Arg2_Arg1	509	-2216.0	4.22654268808115E-5 - 0.0 - 0 - 1 - 2217
be_responsible_D1_Arg2_Arg1	510	-2216.0	5.494505494505495E-4 - 0.0 - 0 - 13 - 2217
be_attribute_D1_Arg2_Arg2	511	-2216.0	2.1132713440405747E-4 - 0.0 - 0 - 5 - 2217
not_exclude_D1_Arg1_Arg1	512	-2216.0	8.4530853761623E-5 - 0.0 - 0 - 2 - 2217
be_crucial_D1_Arg2_Arg1	513	-2216.0	2.1132713440405747E-4 - 0.0 - 0 - 5 - 2217
be_down_D1_Arg2_Arg1	514	-2216.0	2.1132713440405747E-4 - 0.0 - 0 - 5 - 2217
can_be_D1_Arg2_Arg1	515	-2216.0	8.4530853761623E-5 - 0.0 - 0 - 2 - 2217
be_follow_D1_Arg2_Arg2	516	-2216.0	2.5359256128486897E-4 - 0.0 - 0 - 6 - 2217
be_decrease_D1_Arg2_Arg2	518	-2216.0	1.69061707523246E-4 - 0.0 - 0 - 4 - 2217
be_effective_D1_Arg2_Arg1	519	-2216.0	2.5359256128486897E-4 - 0.0 - 0 - 6 - 2217
be_nor_D1_Arg2_Arg1	520	-2216.0	8.4530853761623E-5 - 0.0 - 0 - 2 - 2217
could_underlie_D1_Arg2_Arg1	521	-2216.0	4.22654268808115E-5 - 0.0 - 0 - 1 - 2217
be_resolve_D1_Arg2_Arg2	522	-2216.0	4.22654268808115E-5 - 0.0 - 0 - 1 - 2217
be_unusual_D1_Arg2_Arg1	523	-2216.0	4.22654268808115E-5 - 0.0 - 0 - 1 - 2217
if_suppress_D1_Arg2_Arg1	524	-2216.0	4.22654268808115E-5 - 0.0 - 0 - 1 - 2217
could_suppress_D1_Arg2_Arg1	525	-2216.0	4.22654268808115E-5 - 0.0 - 0 - 1 - 2217
be_characterize_D1_Arg2_Arg2	526	-2216.0	2.1132713440405747E-4 - 0.0 - 0 - 5 - 2217
suggest_offer_D1_Arg2_Arg1	527	-2216.0	8.4530853761623E-5 - 0.0 - 0 - 2 - 2217
be_indicate_D1_Arg2_Arg1	528	-2216.0	8.4530853761623E-5 - 0.0 - 0 - 2 - 2217
suggest_represent_D1_Arg2_Arg1	529	-2216.0	1.2679628064243449E-4 - 0.0 - 0 - 3 - 2217
not_impair_D1_Arg1_Arg2	530	-2216.0	8.4530853761623E-5 - 0.0 - 0 - 2 - 2217
do_impair_D1_Arg2_Arg2	531	-2216.0	8.4530853761623E-5 - 0.0 - 0 - 2 - 2217
be_but_D1_Arg2_Arg2	534	-2216.0	4.6491969568892644E-4 - 0.0 - 0 - 11 - 2217
not_alter_D1_Arg1_Arg1	535	-2216.0	2.5359256128486897E-4 - 0.0 - 0 - 6 - 2217
do_alter_D1_Arg2_Arg1	536	-2216.0	2.1132713440405747E-4 - 0.0 - 0 - 5 - 2217
not_increase_D1_Arg1_Arg1	537	-2216.0	1.69061707523246E-4 - 0.0 - 0 - 4 - 2217
do_increase_D1_Arg2_Arg1	538	-2216.0	1.69061707523246E-4 - 0.0 - 0 - 4 - 2217
propose_serve_D1_Arg2_Arg1	539	-2216.0	8.4530853761623E-5 - 0.0 - 0 - 2 - 2217
not_see_D1_Arg1_Arg2	540	-2216.0	1.2679628064243449E-4 - 0.0 - 0 - 3 - 2217
be_increase_D1_Arg2_Arg2	541	-2216.0	2.958579881656805E-4 - 0.0 - 0 - 7 - 2217
when_be_D1_Arg2_Arg2	542	-2216.0	8.4530853761623E-5 - 0.0 - 0 - 2 - 2217
determine_be_D1_Arg2_Arg1	548	-2216.0	1.69061707523246E-4 - 0.0 - 0 - 4 - 2217
able_suppress_D1_Arg2_Arg1	553	-2216.0	1.69061707523246E-4 - 0.0 - 0 - 4 - 2217
whether_explore_D1_Arg1_Arg2	555	-2216.0	8.4530853761623E-5 - 0.0 - 0 - 2 - 2217
want_explore_D1_Arg2_Arg2	556	-2216.0	8.4530853761623E-5 - 0.0 - 0 - 2 - 2217
be_detectable_D1_Arg2_Arg1	557	-2216.0	5.071851225697379E-4 - 0.0 - 0 - 12 - 2217
could_observe_D1_Arg2_Arg2	558	-2216.0	2.1132713440405747E-4 - 0.0 - 0 - 5 - 2217
be_debate_D1_Arg2_Arg2	559	-2216.0	4.22654268808115E-5 - 0.0 - 0 - 1 - 2217
could_induce_D1_Arg2_Arg1	560	-2216.0	4.22654268808115E-5 - 0.0 - 0 - 1 - 2217
be_diminish_D1_Arg2_Arg1	561	-2216.0	8.4530853761623E-5 - 0.0 - 0 - 2 - 2217
be_produce_D1_Arg2_Arg2	564	-2216.0	1.2679628064243449E-4 - 0.0 - 0 - 3 - 2217
investigate_-_D1_Arg2_Arg2	567	-2216.0	8.4530853761623E-5 - 0.0 - 0 - 2 - 2217
be_maintain_D1_Arg2_Arg1	568	-2216.0	4.22654268808115E-5 - 0.0 - 0 - 1 - 2217
appear_mediate_D1_Arg2_Arg1	569	-2216.0	4.22654268808115E-5 - 0.0 - 0 - 1 - 2217
be_than_D1_Arg1_Arg2	570	-2216.0	8.4530853761623E-5 - 0.0 - 0 - 2 - 2217
be_low_D1_Arg2_Arg1	571	-2216.0	2.958579881656805E-4 - 0.0 - 0 - 7 - 2217
be_beyond_D1_Arg2_Arg1	572	-2216.0	4.22654268808115E-5 - 0.0 - 0 - 1 - 2217
be_additive_D1_Arg2_Arg1	573	-2216.0	8.4530853761623E-5 - 0.0 - 0 - 2 - 2217
be_as_D1_Arg1_Arg1	574	-2216.0	2.958579881656805E-4 - 0.0 - 0 - 7 - 2217
be_as_D1_Arg1_Arg2	575	-2216.0	1.2679628064243449E-4 - 0.0 - 0 - 3 - 2217
report_have_D1_Arg2_Arg2	576	-2216.0	4.22654268808115E-5 - 0.0 - 0 - 1 - 2217
suggest_direct_D1_Arg2_Arg2	577	-2216.0	4.22654268808115E-5 - 0.0 - 0 - 1 - 2217
might_direct_D1_Arg2_Arg2	578	-2216.0	4.22654268808115E-5 - 0.0 - 0 - 1 - 2217
be_halve_D1_Arg2_Arg2	579	-2216.0	4.22654268808115E-5 - 0.0 - 0 - 1 - 2217
not_result_D1_Arg1_Arg1	580	-2216.0	1.2679628064243449E-4 - 0.0 - 0 - 3 - 2217
do_result_D1_Arg2_Arg1	581	-2216.0	1.2679628064243449E-4 - 0.0 - 0 - 3 - 2217
remain_limited_D1_Arg2_Arg1	583	-2216.0	4.22654268808115E-5 - 0.0 - 0 - 1 - 2217
would_be_D1_Arg2_Arg1	584	-2216.0	8.4530853761623E-5 - 0.0 - 0 - 2 - 2217
be_advantageous_D1_Arg2_Arg1	585	-2216.0	8.4530853761623E-5 - 0.0 - 0 - 2 - 2217
suggest_involve_D1_Arg2_Arg2	586	-2216.0	3.803888419273035E-4 - 0.0 - 0 - 9 - 2217
will_improve_D1_Arg2_Arg1	587	-2216.0	4.22654268808115E-5 - 0.0 - 0 - 1 - 2217
could_regulate_D1_Arg2_Arg1	588	-2216.0	8.4530853761623E-5 - 0.0 - 0 - 2 - 2217
able_inhibit_D1_Arg2_Arg1	589	-2216.0	1.69061707523246E-4 - 0.0 - 0 - 4 - 2217
may_result_D1_Arg2_Arg1	590	-2216.0	8.4530853761623E-5 - 0.0 - 0 - 2 - 2217
when_display_D1_Arg1_Arg2	591	-2216.0	4.22654268808115E-5 - 0.0 - 0 - 1 - 2217
able_form_D1_Arg2_Arg2	594	-2216.0	2.5359256128486897E-4 - 0.0 - 0 - 6 - 2217
investigate_as_D1_Arg2_Arg2	595	-2216.0	4.22654268808115E-5 - 0.0 - 0 - 1 - 2217
possibly_or_D1_Arg1_Arg1	596	-2216.0	8.4530853761623E-5 - 0.0 - 0 - 2 - 2217
remain_have_D1_Arg1_Arg1	597	-2216.0	4.22654268808115E-5 - 0.0 - 0 - 1 - 2217
not_elicit_D1_Arg1_Arg2	598	-2216.0	4.22654268808115E-5 - 0.0 - 0 - 1 - 2217
do_elicit_D1_Arg2_Arg2	599	-2216.0	4.22654268808115E-5 - 0.0 - 0 - 1 - 2217
be_implicate_D1_Arg2_Arg2	600	-2216.0	3.803888419273035E-4 - 0.0 - 0 - 9 - 2217
be_achieve_D1_Arg2_Arg2	603	-2216.0	2.1132713440405747E-4 - 0.0 - 0 - 5 - 2217
will_aid_D1_Arg2_Arg1	604	-2216.0	8.4530853761623E-5 - 0.0 - 0 - 2 - 2217
be_perform_D1_Arg2_Arg1	605	-2216.0	4.22654268808115E-5 - 0.0 - 0 - 1 - 2217
be_indicative_D1_Arg2_Arg1	606	-2216.0	8.4530853761623E-5 - 0.0 - 0 - 2 - 2217
evidence_implicate_D1_Arg2_Arg2	607	-2216.0	4.22654268808115E-5 - 0.0 - 0 - 1 - 2217
not_study_D1_Arg1_Arg2	608	-2216.0	8.4530853761623E-5 - 0.0 - 0 - 2 - 2217
be_unrelated_D1_Arg2_Arg1	609	-2216.0	4.22654268808115E-5 - 0.0 - 0 - 1 - 2217
potentially_critical_D1_Arg1_Arg1	610	-2216.0	4.22654268808115E-5 - 0.0 - 0 - 1 - 2217
be_assume_D1_Arg2_Arg2	611	-2216.0	8.4530853761623E-5 - 0.0 - 0 - 2 - 2217
be_document_D1_Arg2_Arg2	612	-2216.0	8.4530853761623E-5 - 0.0 - 0 - 2 - 2217
not_due_D1_Arg1_Arg1	613	-2216.0	4.22654268808115E-5 - 0.0 - 0 - 1 - 2217
report_exert_D1_Arg2_Arg2	614	-2216.0	4.22654268808115E-5 - 0.0 - 0 - 1 - 2217
not_link_D1_Arg1_Arg2	615	-2216.0	4.22654268808115E-5 - 0.0 - 0 - 1 - 2217
likely_link_D1_Arg2_Arg2	616	-2216.0	4.22654268808115E-5 - 0.0 - 0 - 1 - 2217
determine_and_D1_Arg2_Arg1	617	-2216.0	1.2679628064243449E-4 - 0.0 - 0 - 3 - 2217
still_be_D1_Arg1_Arg2	618	-2216.0	2.1132713440405747E-4 - 0.0 - 0 - 5 - 2217
be_critical_D1_Arg2_Arg1	619	-2216.0	2.958579881656805E-4 - 0.0 - 0 - 7 - 2217
able_detect_D1_Arg2_Arg2	620	-2216.0	8.4530853761623E-5 - 0.0 - 0 - 2 - 2217
possible_affect_D1_Arg2_Arg2	622	-2216.0	4.22654268808115E-5 - 0.0 - 0 - 1 - 2217
do_notice_D1_Arg2_Arg2	623	-2216.0	4.22654268808115E-5 - 0.0 - 0 - 1 - 2217
not_display_D1_Arg1_Arg2	624	-2216.0	8.4530853761623E-5 - 0.0 - 0 - 2 - 2217
do_display_D1_Arg2_Arg2	625	-2216.0	8.4530853761623E-5 - 0.0 - 0 - 2 - 2217
generally_be_D1_Arg1_Arg2	626	-2216.0	1.2679628064243449E-4 - 0.0 - 0 - 3 - 2217
before_occur_D1_Arg1_Arg1	627	-2216.0	1.2679628064243449E-4 - 0.0 - 0 - 3 - 2217
not_occur_D1_Arg1_Arg1	628	-2216.0	1.2679628064243449E-4 - 0.0 - 0 - 3 - 2217
when_occur_D1_Arg1_Arg1	629	-2216.0	8.4530853761623E-5 - 0.0 - 0 - 2 - 2217
do_occur_D1_Arg2_Arg1	630	-2216.0	1.2679628064243449E-4 - 0.0 - 0 - 3 - 2217
not_modulate_D1_Arg1_Arg1	631	-2216.0	1.69061707523246E-4 - 0.0 - 0 - 4 - 2217
be_modulate_D1_Arg2_Arg1	632	-2216.0	1.69061707523246E-4 - 0.0 - 0 - 4 - 2217
