require_D0_Arg2	1	-2216.0	0.0011365215898219995 - 0.0 - 0 - 139 - 2217
follow_D0_Arg2	5	-2216.0	5.723490020686328E-4 - 0.0 - 0 - 70 - 2217
direct_D0_Arg2	10	-2216.0	1.6352828630532366E-4 - 0.0 - 0 - 20 - 2217
evidence_D0_Arg2	15	-2216.0	1.3082262904425893E-4 - 0.0 - 0 - 16 - 2217
under_D0_Arg1	22	-2216.0	5.151141018617696E-4 - 0.0 - 0 - 63 - 2217
however_D0_Arg1	26	-2216.0	0.0012346385616051937 - 0.0 - 0 - 151 - 2217
post_D0_Arg1	35	-2216.0	1.2264621472899274E-4 - 0.0 - 0 - 15 - 2217
fail_D0_Arg2	38	-2216.0	3.9246788713277677E-4 - 0.0 - 0 - 48 - 2217
low_D0_Arg1	40	-2216.0	4.00644301448043E-4 - 0.0 - 0 - 49 - 2217
shift_D0_Arg2	41	-2216.0	1.6352828630532366E-5 - 0.0 - 0 - 2 - 2217
form_D0_Arg2	43	-2216.0	8.994055746792802E-5 - 0.0 - 0 - 11 - 2217
base_D0_Arg1	45	-2216.0	4.0882071576330914E-5 - 0.0 - 0 - 5 - 2217
reveal_D0_Arg2	46	-2216.0	8.585235031029492E-4 - 0.0 - 0 - 105 - 2217
affect_D0_Arg2	47	-2216.0	9.075819889945464E-4 - 0.0 - 0 - 111 - 2217
completely_D0_Arg1	48	-2216.0	3.434094012411797E-4 - 0.0 - 0 - 42 - 2217
regulate_D0_Arg1	49	-2216.0	4.0882071576330914E-4 - 0.0 - 0 - 50 - 2217
stimulate_D0_Arg2	54	-2216.0	0.0012346385616051937 - 0.0 - 0 - 151 - 2217
smooth_D0_Arg1	55	-2216.0	3.270565726106473E-5 - 0.0 - 0 - 4 - 2217
involve_D0_Arg1	56	-2216.0	4.415263730243739E-4 - 0.0 - 0 - 54 - 2217
arrest_D0_Arg2	57	-2216.0	1.6352828630532366E-5 - 0.0 - 0 - 2 - 2217
support_D0_Arg2	58	-2216.0	8.176414315266183E-5 - 0.0 - 0 - 10 - 2217
net_D0_Arg1	61	-2216.0	1.6352828630532366E-5 - 0.0 - 0 - 2 - 2217
require_D0_Arg1	62	-2216.0	7.522301170044889E-4 - 0.0 - 0 - 92 - 2217
delay_D0_Arg2	63	-2216.0	1.3082262904425893E-4 - 0.0 - 0 - 16 - 2217
control_D0_Arg2	64	-2216.0	7.522301170044889E-4 - 0.0 - 0 - 92 - 2217
engage_D0_Arg1	65	-2216.0	8.176414315266183E-6 - 0.0 - 0 - 1 - 2217
prevent_D0_Arg1	66	-2216.0	4.251735443938415E-4 - 0.0 - 0 - 52 - 2217
release_D0_Arg1	67	-2216.0	1.6352828630532366E-5 - 0.0 - 0 - 2 - 2217
play_D0_Arg1	68	-2216.0	4.3334995870910773E-4 - 0.0 - 0 - 53 - 2217
arrest_D0_Arg1	69	-2216.0	7.358772883739565E-5 - 0.0 - 0 - 9 - 2217
can_D0_Arg1	70	-2216.0	6.377603165907623E-4 - 0.0 - 0 - 78 - 2217
wonder_D0_Arg2	71	-2216.0	8.176414315266183E-6 - 0.0 - 0 - 1 - 2217
up_D0_Arg1	72	-2216.0	4.5787920165490627E-4 - 0.0 - 0 - 56 - 2217
contribute_D0_Arg1	73	-2216.0	2.861745010343164E-4 - 0.0 - 0 - 35 - 2217
make_D0_Arg1	74	-2216.0	8.176414315266183E-6 - 0.0 - 0 - 1 - 2217
cause_D0_Arg1	79	-2216.0	6.214074879602299E-4 - 0.0 - 0 - 76 - 2217
frequently_D0_Arg1	81	-2216.0	2.3711601514271932E-4 - 0.0 - 0 - 29 - 2217
appear_D0_Arg1	82	-2216.0	2.7799808671905024E-4 - 0.0 - 0 - 34 - 2217
produce_D0_Arg2	84	-2216.0	2.452924294579855E-4 - 0.0 - 0 - 30 - 2217
govern_D0_Arg2	85	-2216.0	3.270565726106473E-5 - 0.0 - 0 - 4 - 2217
suggest_D0_Arg1	87	-2216.0	4.415263730243739E-4 - 0.0 - 0 - 54 - 2217
consider_D0_Arg2	89	-2216.0	4.9058485891597096E-5 - 0.0 - 0 - 6 - 2217
potentially_D0_Arg1	91	-2216.0	8.994055746792802E-5 - 0.0 - 0 - 11 - 2217
reverse_D0_Arg2	92	-2216.0	9.811697178319419E-5 - 0.0 - 0 - 12 - 2217
present_D0_Arg1	94	-2216.0	8.994055746792802E-5 - 0.0 - 0 - 11 - 2217
form_D0_Arg1	95	-2216.0	7.358772883739565E-5 - 0.0 - 0 - 9 - 2217
indeed_D0_Arg1	97	-2216.0	5.7234900206863284E-5 - 0.0 - 0 - 7 - 2217
early_D0_Arg1	98	-2216.0	3.025273296648488E-4 - 0.0 - 0 - 37 - 2217
hence_D0_Arg1	99	-2216.0	5.7234900206863284E-5 - 0.0 - 0 - 7 - 2217
stimulate_D0_Arg1	101	-2216.0	2.534688437732517E-4 - 0.0 - 0 - 31 - 2217
first_D0_Arg1	102	-2216.0	9.811697178319419E-5 - 0.0 - 0 - 12 - 2217
survive_D0_Arg2	103	-2216.0	8.176414315266183E-6 - 0.0 - 0 - 1 - 2217
prevent_D0_Arg2	104	-2216.0	6.214074879602299E-4 - 0.0 - 0 - 76 - 2217
similar_D0_Arg1	106	-2216.0	4.415263730243739E-4 - 0.0 - 0 - 54 - 2217
contain_D0_Arg2	107	-2216.0	6.541131452212947E-5 - 0.0 - 0 - 8 - 2217
rule_D0_Arg2	108	-2216.0	8.176414315266183E-6 - 0.0 - 0 - 1 - 2217
do_D0_Arg1	109	-2216.0	0.0020768092360776104 - 0.0 - 0 - 254 - 2217
affect_D0_Arg1	110	-2216.0	6.295839022754961E-4 - 0.0 - 0 - 77 - 2217
hold_D0_Arg2	111	-2216.0	8.176414315266183E-6 - 0.0 - 0 - 1 - 2217
lead_D0_Arg1	112	-2216.0	9.239348176250787E-4 - 0.0 - 0 - 113 - 2217
d_D0_Arg1	114	-2216.0	6.541131452212947E-5 - 0.0 - 0 - 8 - 2217
reveal_D0_Arg1	115	-2216.0	5.7234900206863284E-5 - 0.0 - 0 - 7 - 2217
close_D0_Arg1	116	-2216.0	3.270565726106473E-5 - 0.0 - 0 - 4 - 2217
like_D0_Arg2	117	-2216.0	5.7234900206863284E-5 - 0.0 - 0 - 7 - 2217
proceed_D0_Arg1	118	-2216.0	2.4529242945798548E-5 - 0.0 - 0 - 3 - 2217
no_D0_Arg1	119	-2216.0	0.003270565726106473 - 0.0 - 0 - 400 - 2217
one_D0_Arg1	120	-2216.0	1.6352828630532366E-5 - 0.0 - 0 - 2 - 2217
silence_D0_Arg1	123	-2216.0	3.270565726106473E-5 - 0.0 - 0 - 4 - 2217
around_D0_Arg1	124	-2216.0	4.9058485891597096E-5 - 0.0 - 0 - 6 - 2217
initiate_D0_Arg1	125	-2216.0	8.176414315266183E-5 - 0.0 - 0 - 10 - 2217
initiate_D0_Arg2	126	-2216.0	1.3082262904425893E-4 - 0.0 - 0 - 16 - 2217
accord_D0_Arg1	127	-2216.0	5.7234900206863284E-5 - 0.0 - 0 - 7 - 2217
obtain_D0_Arg2	128	-2216.0	8.176414315266183E-5 - 0.0 - 0 - 10 - 2217
cause_D0_Arg2	131	-2216.0	5.723490020686328E-4 - 0.0 - 0 - 70 - 2217
see_D0_Arg2	132	-2216.0	1.3899904335952512E-4 - 0.0 - 0 - 17 - 2217
decline_D0_Arg1	133	-2216.0	1.1446980041372657E-4 - 0.0 - 0 - 14 - 2217
reach_D0_Arg1	134	-2216.0	6.541131452212947E-5 - 0.0 - 0 - 8 - 2217
essential_D0_Arg1	135	-2216.0	3.1070374398011494E-4 - 0.0 - 0 - 38 - 2217
place_D0_Arg2	136	-2216.0	8.176414315266183E-6 - 0.0 - 0 - 1 - 2217
include_D0_Arg2	137	-2216.0	3.3523298692591353E-4 - 0.0 - 0 - 41 - 2217
influence_D0_Arg2	138	-2216.0	7.358772883739565E-5 - 0.0 - 0 - 9 - 2217
either_D0_Arg1	139	-2216.0	1.3899904335952512E-4 - 0.0 - 0 - 17 - 2217
describe_D0_Arg2	140	-2216.0	2.452924294579855E-4 - 0.0 - 0 - 30 - 2217
eliminate_D0_Arg2	143	-2216.0	7.358772883739565E-5 - 0.0 - 0 - 9 - 2217
depend_D0_Arg1	144	-2216.0	2.2893960082745314E-4 - 0.0 - 0 - 28 - 2217
second_D0_Arg1	145	-2216.0	5.7234900206863284E-5 - 0.0 - 0 - 7 - 2217
remain_D0_Arg2	147	-2216.0	1.9623394356638838E-4 - 0.0 - 0 - 24 - 2217
approximately_D0_Arg1	148	-2216.0	2.4529242945798548E-5 - 0.0 - 0 - 3 - 2217
deprivation_D0_Arg1	149	-2216.0	1.6352828630532366E-5 - 0.0 - 0 - 2 - 2217
clearly_D0_Arg1	151	-2216.0	1.471754576747913E-4 - 0.0 - 0 - 18 - 2217
t_D0_Arg1	152	-2216.0	2.2893960082745314E-4 - 0.0 - 0 - 28 - 2217
once_D0_Arg1	153	-2216.0	3.270565726106473E-5 - 0.0 - 0 - 4 - 2217
continue_D0_Arg2	154	-2216.0	6.541131452212947E-5 - 0.0 - 0 - 8 - 2217
contain_D0_Arg1	155	-2216.0	5.7234900206863284E-5 - 0.0 - 0 - 7 - 2217
ever_D0_Arg1	156	-2216.0	1.6352828630532366E-5 - 0.0 - 0 - 2 - 2217
shut_D0_Arg2	157	-2216.0	8.176414315266183E-6 - 0.0 - 0 - 1 - 2217
support_D0_Arg1	158	-2216.0	4.0882071576330914E-5 - 0.0 - 0 - 5 - 2217
virtually_D0_Arg1	160	-2216.0	8.176414315266183E-6 - 0.0 - 0 - 1 - 2217
prove_D0_Arg2	161	-2216.0	3.270565726106473E-5 - 0.0 - 0 - 4 - 2217
question_D0_Arg1	162	-2216.0	8.176414315266183E-6 - 0.0 - 0 - 1 - 2217
bind_D0_Arg1	163	-2216.0	1.6352828630532366E-4 - 0.0 - 0 - 20 - 2217
specify_D0_Arg2	164	-2216.0	8.176414315266183E-6 - 0.0 - 0 - 1 - 2217
measure_D0_Arg1	165	-2216.0	5.7234900206863284E-5 - 0.0 - 0 - 7 - 2217
sustain_D0_Arg2	166	-2216.0	7.358772883739565E-5 - 0.0 - 0 - 9 - 2217
show_D0_Arg1	167	-2216.0	1.7988111493585603E-4 - 0.0 - 0 - 22 - 2217
peak_D0_Arg1	168	-2216.0	1.2264621472899274E-4 - 0.0 - 0 - 15 - 2217
necessary_D0_Arg1	169	-2216.0	1.7170470062058985E-4 - 0.0 - 0 - 21 - 2217
control_D0_Arg1	170	-2216.0	1.1446980041372657E-4 - 0.0 - 0 - 14 - 2217
drive_D0_Arg2	171	-2216.0	1.3082262904425893E-4 - 0.0 - 0 - 16 - 2217
receive_D0_Arg2	172	-2216.0	3.270565726106473E-5 - 0.0 - 0 - 4 - 2217
blood_D0_Arg1	173	-2216.0	1.6352828630532366E-4 - 0.0 - 0 - 20 - 2217
generate_D0_Arg2	174	-2216.0	8.176414315266183E-6 - 0.0 - 0 - 1 - 2217
correct_D0_Arg1	176	-2216.0	1.6352828630532366E-5 - 0.0 - 0 - 2 - 2217
correct_D0_Arg2	177	-2216.0	3.270565726106473E-5 - 0.0 - 0 - 4 - 2217
evidence_D0_Arg1	178	-2216.0	7.358772883739565E-5 - 0.0 - 0 - 9 - 2217
conclude_D0_Arg2	179	-2216.0	2.2893960082745314E-4 - 0.0 - 0 - 28 - 2217
treat_D0_Arg2	180	-2216.0	3.270565726106473E-5 - 0.0 - 0 - 4 - 2217
then_D0_Arg1	181	-2216.0	3.270565726106473E-4 - 0.0 - 0 - 40 - 2217
step_D0_Arg1	182	-2216.0	5.7234900206863284E-5 - 0.0 - 0 - 7 - 2217
step_D0_Arg2	183	-2216.0	8.176414315266183E-6 - 0.0 - 0 - 1 - 2217
exclusively_D0_Arg1	185	-2216.0	1.471754576747913E-4 - 0.0 - 0 - 18 - 2217
continue_D0_Arg1	186	-2216.0	1.6352828630532366E-5 - 0.0 - 0 - 2 - 2217
theory_D0_Arg2	187	-2216.0	8.176414315266183E-6 - 0.0 - 0 - 1 - 2217
mark_D0_Arg1	188	-2216.0	2.4529242945798548E-5 - 0.0 - 0 - 3 - 2217
little_D0_Arg1	189	-2216.0	2.943509153495826E-4 - 0.0 - 0 - 36 - 2217
level_D0_Arg1	192	-2216.0	1.1446980041372657E-4 - 0.0 - 0 - 14 - 2217
mean_D0_Arg1	194	-2216.0	2.4529242945798548E-5 - 0.0 - 0 - 3 - 2217
slight_D0_Arg1	196	-2216.0	6.541131452212947E-5 - 0.0 - 0 - 8 - 2217
indicate_D0_Arg1	197	-2216.0	8.176414315266183E-5 - 0.0 - 0 - 10 - 2217
same_D0_Arg1	198	-2216.0	8.176414315266183E-6 - 0.0 - 0 - 1 - 2217
wild_D0_Arg1	200	-2216.0	2.4529242945798548E-5 - 0.0 - 0 - 3 - 2217
still_D0_Arg1	201	-2216.0	1.3899904335952512E-4 - 0.0 - 0 - 17 - 2217
identical_D0_Arg1	202	-2216.0	4.9058485891597096E-5 - 0.0 - 0 - 6 - 2217
provide_D0_Arg1	203	-2216.0	1.6352828630532366E-4 - 0.0 - 0 - 20 - 2217
start_D0_Arg2	205	-2216.0	8.176414315266183E-6 - 0.0 - 0 - 1 - 2217
protect_D0_Arg1	206	-2216.0	8.176414315266183E-5 - 0.0 - 0 - 10 - 2217
all_D0_Arg1	207	-2216.0	1.6352828630532366E-4 - 0.0 - 0 - 20 - 2217
so_D0_Arg1	208	-2216.0	2.4529242945798548E-5 - 0.0 - 0 - 3 - 2217
time_D0_Arg1	209	-2216.0	1.1446980041372657E-4 - 0.0 - 0 - 14 - 2217
oppose_D0_Arg2	211	-2216.0	3.270565726106473E-5 - 0.0 - 0 - 4 - 2217
might_D0_Arg1	213	-2216.0	2.2076318651218695E-4 - 0.0 - 0 - 27 - 2217
limit_D0_Arg1	214	-2216.0	4.9058485891597096E-5 - 0.0 - 0 - 6 - 2217
short_D0_Arg1	217	-2216.0	3.270565726106473E-5 - 0.0 - 0 - 4 - 2217
term_D0_Arg1	218	-2216.0	6.541131452212947E-5 - 0.0 - 0 - 8 - 2217
drive_D0_Arg1	219	-2216.0	8.176414315266183E-5 - 0.0 - 0 - 10 - 2217
before_D0_Arg1	222	-2216.0	1.3082262904425893E-4 - 0.0 - 0 - 16 - 2217
before_D0_Arg2	223	-2216.0	5.7234900206863284E-5 - 0.0 - 0 - 7 - 2217
occur_D0_Arg2	224	-2216.0	1.6352828630532366E-5 - 0.0 - 0 - 2 - 2217
lack_D0_Arg2	225	-2216.0	1.3082262904425893E-4 - 0.0 - 0 - 16 - 2217
dampen_D0_Arg1	226	-2216.0	1.6352828630532366E-5 - 0.0 - 0 - 2 - 2217
extend_D0_Arg1	227	-2216.0	8.176414315266183E-6 - 0.0 - 0 - 1 - 2217
include_D0_Arg1	228	-2216.0	3.025273296648488E-4 - 0.0 - 0 - 37 - 2217
become_D0_Arg2	229	-2216.0	9.811697178319419E-5 - 0.0 - 0 - 12 - 2217
extend_D0_Arg2	230	-2216.0	2.4529242945798548E-5 - 0.0 - 0 - 3 - 2217
describe_D0_Arg1	231	-2216.0	2.4529242945798548E-5 - 0.0 - 0 - 3 - 2217
manage_D0_Arg1	233	-2216.0	1.6352828630532366E-5 - 0.0 - 0 - 2 - 2217
reflect_D0_Arg1	236	-2216.0	3.270565726106473E-5 - 0.0 - 0 - 4 - 2217
produce_D0_Arg1	237	-2216.0	1.7988111493585603E-4 - 0.0 - 0 - 22 - 2217
evoke_D0_Arg2	240	-2216.0	8.176414315266183E-6 - 0.0 - 0 - 1 - 2217
totally_D0_Arg1	241	-2216.0	4.9058485891597096E-5 - 0.0 - 0 - 6 - 2217
will_D0_Arg1	242	-2216.0	5.7234900206863284E-5 - 0.0 - 0 - 7 - 2217
conditional_D0_Arg1	243	-2216.0	8.176414315266183E-6 - 0.0 - 0 - 1 - 2217
maintain_D0_Arg2	244	-2216.0	1.3082262904425893E-4 - 0.0 - 0 - 16 - 2217
depend_D0_Arg2	245	-2216.0	1.6352828630532366E-5 - 0.0 - 0 - 2 - 2217
able_D0_Arg1	246	-2216.0	7.358772883739565E-5 - 0.0 - 0 - 9 - 2217
treatment_D0_Arg1	247	-2216.0	8.176414315266183E-6 - 0.0 - 0 - 1 - 2217
last_D0_Arg1	248	-2216.0	1.6352828630532366E-5 - 0.0 - 0 - 2 - 2217
comparable_D0_Arg1	249	-2216.0	7.358772883739565E-5 - 0.0 - 0 - 9 - 2217
make_D0_Arg2	250	-2216.0	1.6352828630532366E-5 - 0.0 - 0 - 2 - 2217
closely_D0_Arg1	251	-2216.0	4.9058485891597096E-5 - 0.0 - 0 - 6 - 2217
function_D0_Arg1	253	-2216.0	3.270565726106473E-5 - 0.0 - 0 - 4 - 2217
bind_D0_Arg2	254	-2216.0	5.7234900206863284E-5 - 0.0 - 0 - 7 - 2217
note_D0_Arg2	255	-2216.0	4.0882071576330914E-5 - 0.0 - 0 - 5 - 2217
just_D0_Arg1	256	-2216.0	1.6352828630532366E-5 - 0.0 - 0 - 2 - 2217
limit_D0_Arg2	257	-2216.0	3.270565726106473E-5 - 0.0 - 0 - 4 - 2217
like_D0_Arg1	258	-2216.0	2.861745010343164E-4 - 0.0 - 0 - 35 - 2217
almost_D0_Arg1	259	-2216.0	4.9058485891597096E-5 - 0.0 - 0 - 6 - 2217
substantially_D0_Arg1	261	-2216.0	1.3082262904425893E-4 - 0.0 - 0 - 16 - 2217
target_D0_Arg2	262	-2216.0	1.7988111493585603E-4 - 0.0 - 0 - 22 - 2217
permit_D0_Arg2	263	-2216.0	2.4529242945798548E-5 - 0.0 - 0 - 3 - 2217
serve_D0_Arg1	264	-2216.0	8.176414315266183E-5 - 0.0 - 0 - 10 - 2217
reverse_D0_Arg1	265	-2216.0	3.270565726106473E-5 - 0.0 - 0 - 4 - 2217
likewise_D0_Arg1	266	-2216.0	4.0882071576330914E-5 - 0.0 - 0 - 5 - 2217
post_D0_Arg2	267	-2216.0	7.358772883739565E-5 - 0.0 - 0 - 9 - 2217
discovery_D0_Arg2	268	-2216.0	8.176414315266183E-6 - 0.0 - 0 - 1 - 2217
only_D0_Arg2	269	-2216.0	2.4529242945798548E-5 - 0.0 - 0 - 3 - 2217
eliminate_D0_Arg1	270	-2216.0	1.3082262904425893E-4 - 0.0 - 0 - 16 - 2217
finally_D0_Arg1	271	-2216.0	1.8805752925112222E-4 - 0.0 - 0 - 23 - 2217
establish_D0_Arg2	272	-2216.0	1.7170470062058985E-4 - 0.0 - 0 - 21 - 2217
signal_D0_Arg1	273	-2216.0	6.541131452212947E-5 - 0.0 - 0 - 8 - 2217
influence_D0_Arg1	274	-2216.0	5.7234900206863284E-5 - 0.0 - 0 - 7 - 2217
normally_D0_Arg1	275	-2216.0	1.471754576747913E-4 - 0.0 - 0 - 18 - 2217
deliver_D0_Arg1	276	-2216.0	3.270565726106473E-5 - 0.0 - 0 - 4 - 2217
define_D0_Arg1	277	-2216.0	2.4529242945798548E-5 - 0.0 - 0 - 3 - 2217
distinguish_D0_Arg1	279	-2216.0	1.6352828630532366E-5 - 0.0 - 0 - 2 - 2217
whole_D0_Arg1	280	-2216.0	1.6352828630532366E-5 - 0.0 - 0 - 2 - 2217
think_D0_Arg2	281	-2216.0	2.4529242945798548E-5 - 0.0 - 0 - 3 - 2217
range_D0_Arg1	282	-2216.0	8.176414315266183E-6 - 0.0 - 0 - 1 - 2217
many_D0_Arg1	283	-2216.0	3.270565726106473E-5 - 0.0 - 0 - 4 - 2217
keep_D0_Arg2	284	-2216.0	1.6352828630532366E-5 - 0.0 - 0 - 2 - 2217
keep_D0_Arg1	285	-2216.0	8.176414315266183E-6 - 0.0 - 0 - 1 - 2217
retard_D0_Arg2	287	-2216.0	4.0882071576330914E-5 - 0.0 - 0 - 5 - 2217
already_D0_Arg1	290	-2216.0	2.4529242945798548E-5 - 0.0 - 0 - 3 - 2217
strain_D0_Arg1	291	-2216.0	8.176414315266183E-6 - 0.0 - 0 - 1 - 2217
regain_D0_Arg2	292	-2216.0	1.6352828630532366E-5 - 0.0 - 0 - 2 - 2217
regard_D0_Arg2	294	-2216.0	3.270565726106473E-5 - 0.0 - 0 - 4 - 2217
small_D0_Arg1	296	-2216.0	7.358772883739565E-5 - 0.0 - 0 - 9 - 2217
way_D0_Arg1	297	-2216.0	8.176414315266183E-6 - 0.0 - 0 - 1 - 2217
base_D0_Arg2	299	-2216.0	1.6352828630532366E-5 - 0.0 - 0 - 2 - 2217
act_D0_Arg1	300	-2216.0	5.7234900206863284E-5 - 0.0 - 0 - 7 - 2217
own_D0_Arg1	301	-2216.0	4.0882071576330914E-5 - 0.0 - 0 - 5 - 2217
somewhat_D0_Arg1	302	-2216.0	8.176414315266183E-6 - 0.0 - 0 - 1 - 2217
commit_D0_Arg1	303	-2216.0	2.4529242945798548E-5 - 0.0 - 0 - 3 - 2217
free_D0_Arg1	304	-2216.0	2.4529242945798548E-5 - 0.0 - 0 - 3 - 2217
account_D0_Arg1	306	-2216.0	1.6352828630532366E-5 - 0.0 - 0 - 2 - 2217
notion_D0_Arg2	307	-2216.0	1.6352828630532366E-5 - 0.0 - 0 - 2 - 2217
create_D0_Arg1	308	-2216.0	4.9058485891597096E-5 - 0.0 - 0 - 6 - 2217
correspond_D0_Arg1	309	-2216.0	3.270565726106473E-5 - 0.0 - 0 - 4 - 2217
contrast_D0_Arg1	310	-2216.0	8.176414315266183E-6 - 0.0 - 0 - 1 - 2217
resolve_D0_Arg2	311	-2216.0	8.176414315266183E-6 - 0.0 - 0 - 1 - 2217
unusual_D0_Arg1	312	-2216.0	8.176414315266183E-6 - 0.0 - 0 - 1 - 2217
equal_D0_Arg1	313	-2216.0	8.176414315266183E-6 - 0.0 - 0 - 1 - 2217
mostly_D0_Arg1	314	-2216.0	2.4529242945798548E-5 - 0.0 - 0 - 3 - 2217
render_D0_Arg1	315	-2216.0	3.270565726106473E-5 - 0.0 - 0 - 4 - 2217
carry_D0_Arg1	317	-2216.0	1.6352828630532366E-5 - 0.0 - 0 - 2 - 2217
program_D0_Arg2	318	-2216.0	1.6352828630532366E-5 - 0.0 - 0 - 2 - 2217
permit_D0_Arg1	319	-2216.0	5.7234900206863284E-5 - 0.0 - 0 - 7 - 2217
light_D0_Arg1	320	-2216.0	8.176414315266183E-6 - 0.0 - 0 - 1 - 2217
take_D0_Arg1	321	-2216.0	2.4529242945798548E-5 - 0.0 - 0 - 3 - 2217
fold_D0_Arg1	323	-2216.0	1.2264621472899274E-4 - 0.0 - 0 - 15 - 2217
debate_D0_Arg2	324	-2216.0	8.176414315266183E-6 - 0.0 - 0 - 1 - 2217
perhaps_D0_Arg1	325	-2216.0	4.9058485891597096E-5 - 0.0 - 0 - 6 - 2217
maintain_D0_Arg1	326	-2216.0	3.270565726106473E-5 - 0.0 - 0 - 4 - 2217
effect_D0_Arg2	327	-2216.0	6.541131452212947E-5 - 0.0 - 0 - 8 - 2217
consider_D0_Arg1	328	-2216.0	1.6352828630532366E-5 - 0.0 - 0 - 2 - 2217
colony_D0_Arg1	329	-2216.0	8.176414315266183E-6 - 0.0 - 0 - 1 - 2217
single_D0_Arg1	330	-2216.0	2.4529242945798548E-5 - 0.0 - 0 - 3 - 2217
predict_D0_Arg2	331	-2216.0	3.270565726106473E-5 - 0.0 - 0 - 4 - 2217
identify_D0_Arg1	332	-2216.0	4.9058485891597096E-5 - 0.0 - 0 - 6 - 2217
perform_D0_Arg1	334	-2216.0	8.176414315266183E-6 - 0.0 - 0 - 1 - 2217
conclusion_D0_Arg1	335	-2216.0	1.6352828630532366E-5 - 0.0 - 0 - 2 - 2217
non_D0_Arg1	336	-2216.0	1.6352828630532366E-5 - 0.0 - 0 - 2 - 2217
properly_D0_Arg1	337	-2216.0	8.176414315266183E-6 - 0.0 - 0 - 1 - 2217
proper_D0_Arg1	338	-2216.0	2.4529242945798548E-5 - 0.0 - 0 - 3 - 2217
site_D0_Arg1	339	-2216.0	4.9058485891597096E-5 - 0.0 - 0 - 6 - 2217
assume_D0_Arg2	340	-2216.0	1.6352828630532366E-5 - 0.0 - 0 - 2 - 2217
necessary_D0_Arg2	341	-2216.0	8.176414315266183E-6 - 0.0 - 0 - 1 - 2217
suffice_D0_Arg1	342	-2216.0	8.176414315266183E-6 - 0.0 - 0 - 1 - 2217
notice_D0_Arg2	344	-2216.0	4.0882071576330914E-5 - 0.0 - 0 - 5 - 2217
imply_D0_Arg1	345	-2216.0	1.6352828630532366E-5 - 0.0 - 0 - 2 - 2217
inactive_D0_Arg1	346	-2216.0	8.176414315266183E-6 - 0.0 - 0 - 1 - 2217
favor_D0_Arg2	347	-2216.0	8.176414315266183E-6 - 0.0 - 0 - 1 - 2217
under_D0_Arg2	348	-2216.0	1.3899904335952512E-4 - 0.0 - 0 - 17 - 2217
detect_D0_Arg1	349	-2216.0	4.0882071576330914E-5 - 0.0 - 0 - 5 - 2217
fail_D0_Arg1	350	-2216.0	4.9058485891597096E-5 - 0.0 - 0 - 6 - 2217
yield_D0_Arg2	351	-2216.0	1.6352828630532366E-5 - 0.0 - 0 - 2 - 2217
start_D0_Arg1	352	-2216.0	3.270565726106473E-5 - 0.0 - 0 - 4 - 2217
concern_D0_Arg2	353	-2216.0	4.0882071576330914E-5 - 0.0 - 0 - 5 - 2217
reportedly_D0_Arg1	354	-2216.0	8.176414315266183E-6 - 0.0 - 0 - 1 - 2217
some_D0_Arg1	355	-2216.0	1.6352828630532366E-5 - 0.0 - 0 - 2 - 2217
dampen_D0_Arg2	356	-2216.0	8.176414315266183E-6 - 0.0 - 0 - 1 - 2217
account_D0_Arg2	357	-2216.0	3.270565726106473E-5 - 0.0 - 0 - 4 - 2217
stress_D0_Arg1	358	-2216.0	5.7234900206863284E-5 - 0.0 - 0 - 7 - 2217
motility_D0_Arg1	359	-2216.0	8.176414315266183E-6 - 0.0 - 0 - 1 - 2217
become_D0_Arg1	360	-2216.0	4.0882071576330914E-5 - 0.0 - 0 - 5 - 2217
develop_D0_Arg2	361	-2216.0	4.0882071576330914E-5 - 0.0 - 0 - 5 - 2217
realize_D0_Arg2	362	-2216.0	1.6352828630532366E-5 - 0.0 - 0 - 2 - 2217
adenine_D0_Arg1	363	-2216.0	8.176414315266183E-6 - 0.0 - 0 - 1 - 2217
tail_D0_Arg1	365	-2216.0	2.4529242945798548E-5 - 0.0 - 0 - 3 - 2217
manifest_D0_Arg1	366	-2216.0	3.270565726106473E-5 - 0.0 - 0 - 4 - 2217
stage_D0_Arg1	367	-2216.0	1.6352828630532366E-5 - 0.0 - 0 - 2 - 2217
process_D0_Arg1	368	-2216.0	1.6352828630532366E-5 - 0.0 - 0 - 2 - 2217
firstly_D0_Arg1	369	-2216.0	8.176414315266183E-6 - 0.0 - 0 - 1 - 2217
minute_D0_Arg1	370	-2216.0	8.176414315266183E-6 - 0.0 - 0 - 1 - 2217
compensate_D0_Arg1	371	-2216.0	3.270565726106473E-5 - 0.0 - 0 - 4 - 2217
exist_D0_Arg1	373	-2216.0	1.6352828630532366E-5 - 0.0 - 0 - 2 - 2217
carry_D0_Arg2	374	-2216.0	1.6352828630532366E-5 - 0.0 - 0 - 2 - 2217
allow_D0_Arg1	375	-2216.0	4.9058485891597096E-5 - 0.0 - 0 - 6 - 2217
allow_D0_Arg2	376	-2216.0	8.176414315266183E-5 - 0.0 - 0 - 10 - 2217
grow_D0_Arg1	377	-2216.0	8.176414315266183E-6 - 0.0 - 0 - 1 - 2217
recognize_D0_Arg2	379	-2216.0	2.4529242945798548E-5 - 0.0 - 0 - 3 - 2217
sense_D0_Arg1	380	-2216.0	1.6352828630532366E-5 - 0.0 - 0 - 2 - 2217
evident_D0_Arg1	381	-2216.0	2.4529242945798548E-5 - 0.0 - 0 - 3 - 2217
heavy_D0_Arg1	383	-2216.0	1.6352828630532366E-5 - 0.0 - 0 - 2 - 2217
correctly_D0_Arg1	384	-2216.0	1.6352828630532366E-5 - 0.0 - 0 - 2 - 2217
sharpen_D0_Arg2	385	-2216.0	8.176414315266183E-6 - 0.0 - 0 - 1 - 2217
begin_D0_Arg2	386	-2216.0	3.270565726106473E-5 - 0.0 - 0 - 4 - 2217
reflect_D0_Arg2	387	-2216.0	5.7234900206863284E-5 - 0.0 - 0 - 7 - 2217
rely_D0_Arg1	388	-2216.0	8.176414315266183E-6 - 0.0 - 0 - 1 - 2217
choose_D0_Arg2	389	-2216.0	8.176414315266183E-6 - 0.0 - 0 - 1 - 2217
silence_D0_Arg2	390	-2216.0	3.270565726106473E-5 - 0.0 - 0 - 4 - 2217
equally_D0_Arg1	391	-2216.0	5.7234900206863284E-5 - 0.0 - 0 - 7 - 2217
besides_D0_Arg1	392	-2216.0	4.9058485891597096E-5 - 0.0 - 0 - 6 - 2217
target_D0_Arg1	393	-2216.0	4.0882071576330914E-5 - 0.0 - 0 - 5 - 2217
visualize_D0_Arg2	394	-2216.0	8.176414315266183E-6 - 0.0 - 0 - 1 - 2217
model_D0_Arg1	396	-2216.0	1.6352828630532366E-5 - 0.0 - 0 - 2 - 2217
represent_D0_Arg2	397	-2216.0	8.176414315266183E-6 - 0.0 - 0 - 1 - 2217
again_D0_Arg1	398	-2216.0	5.7234900206863284E-5 - 0.0 - 0 - 7 - 2217
apparent_D0_Arg1	399	-2216.0	3.270565726106473E-5 - 0.0 - 0 - 4 - 2217
demonstrate_D0_Arg1	400	-2216.0	8.176414315266183E-5 - 0.0 - 0 - 10 - 2217
yield_D0_Arg1	401	-2216.0	8.176414315266183E-6 - 0.0 - 0 - 1 - 2217
release_D0_Arg2	402	-2216.0	3.270565726106473E-5 - 0.0 - 0 - 4 - 2217
rank_D0_Arg1	403	-2216.0	1.6352828630532366E-5 - 0.0 - 0 - 2 - 2217
relieve_D0_Arg2	404	-2216.0	3.270565726106473E-5 - 0.0 - 0 - 4 - 2217
expose_D0_Arg1	405	-2216.0	8.176414315266183E-6 - 0.0 - 0 - 1 - 2217
ring_D0_Arg1	406	-2216.0	8.176414315266183E-6 - 0.0 - 0 - 1 - 2217
develop_D0_Arg1	407	-2216.0	8.176414315266183E-6 - 0.0 - 0 - 1 - 2217
always_D0_Arg1	408	-2216.0	8.176414315266183E-6 - 0.0 - 0 - 1 - 2217
govern_D0_Arg1	409	-2216.0	8.176414315266183E-6 - 0.0 - 0 - 1 - 2217
below_D0_Arg1	410	-2216.0	1.6352828630532366E-5 - 0.0 - 0 - 2 - 2217
end_D0_Arg1	411	-2216.0	4.0882071576330914E-5 - 0.0 - 0 - 5 - 2217
need_D0_Arg2	412	-2216.0	1.6352828630532366E-5 - 0.0 - 0 - 2 - 2217
sometimes_D0_Arg1	413	-2216.0	8.176414315266183E-6 - 0.0 - 0 - 1 - 2217
design_D0_Arg2	414	-2216.0	3.270565726106473E-5 - 0.0 - 0 - 4 - 2217
idea_D0_Arg2	415	-2216.0	8.176414315266183E-6 - 0.0 - 0 - 1 - 2217
certain_D0_Arg1	416	-2216.0	2.4529242945798548E-5 - 0.0 - 0 - 3 - 2217
challenge_D0_Arg1	417	-2216.0	8.176414315266183E-6 - 0.0 - 0 - 1 - 2217
threaten_D0_Arg2	418	-2216.0	8.176414315266183E-6 - 0.0 - 0 - 1 - 2217
delay_D0_Arg1	419	-2216.0	4.9058485891597096E-5 - 0.0 - 0 - 6 - 2217
altogether_D0_Arg1	420	-2216.0	3.270565726106473E-5 - 0.0 - 0 - 4 - 2217
apparently_D0_Arg1	421	-2216.0	1.6352828630532366E-5 - 0.0 - 0 - 2 - 2217
nevertheless_D0_Arg1	422	-2216.0	1.6352828630532366E-5 - 0.0 - 0 - 2 - 2217
translate_D0_Arg2	424	-2216.0	8.176414315266183E-6 - 0.0 - 0 - 1 - 2217
acquire_D0_Arg2	425	-2216.0	1.6352828630532366E-5 - 0.0 - 0 - 2 - 2217
capable_D0_Arg1	426	-2216.0	6.541131452212947E-5 - 0.0 - 0 - 8 - 2217
effect_D0_Arg1	427	-2216.0	8.176414315266183E-6 - 0.0 - 0 - 1 - 2217
due_D0_Arg2	428	-2216.0	1.6352828630532366E-5 - 0.0 - 0 - 2 - 2217
moderately_D0_Arg1	429	-2216.0	2.4529242945798548E-5 - 0.0 - 0 - 3 - 2217
predict_D0_Arg1	431	-2216.0	1.6352828630532366E-5 - 0.0 - 0 - 2 - 2217
often_D0_Arg1	432	-2216.0	6.541131452212947E-5 - 0.0 - 0 - 8 - 2217
property_D0_Arg1	433	-2216.0	1.6352828630532366E-5 - 0.0 - 0 - 2 - 2217
never_D0_Arg1	434	-2216.0	1.6352828630532366E-5 - 0.0 - 0 - 2 - 2217
even_D0_Arg1	435	-2216.0	1.6352828630532366E-5 - 0.0 - 0 - 2 - 2217
yet_D0_Arg1	436	-2216.0	2.4529242945798548E-5 - 0.0 - 0 - 3 - 2217
prove_D0_Arg1	437	-2216.0	1.6352828630532366E-5 - 0.0 - 0 - 2 - 2217
give_D0_Arg1	438	-2216.0	4.9058485891597096E-5 - 0.0 - 0 - 6 - 2217
gain_D0_Arg2	439	-2216.0	8.176414315266183E-6 - 0.0 - 0 - 1 - 2217
preserve_D0_Arg1	440	-2216.0	8.176414315266183E-6 - 0.0 - 0 - 1 - 2217
give_D0_Arg2	441	-2216.0	5.7234900206863284E-5 - 0.0 - 0 - 7 - 2217
examine_D0_Arg1	442	-2216.0	8.176414315266183E-6 - 0.0 - 0 - 1 - 2217
routine_D0_Arg1	443	-2216.0	2.4529242945798548E-5 - 0.0 - 0 - 3 - 2217
he_D0_Arg1	444	-2216.0	3.270565726106473E-5 - 0.0 - 0 - 4 - 2217
compensate_D0_Arg2	447	-2216.0	1.6352828630532366E-5 - 0.0 - 0 - 2 - 2217
constitute_D0_Arg1	448	-2216.0	1.6352828630532366E-5 - 0.0 - 0 - 2 - 2217
even_D0_Arg2	449	-2216.0	1.6352828630532366E-5 - 0.0 - 0 - 2 - 2217
share_D0_Arg2	450	-2216.0	8.176414315266183E-6 - 0.0 - 0 - 1 - 2217
lead_D0_Arg2	451	-2216.0	8.176414315266183E-6 - 0.0 - 0 - 1 - 2217
amp_D0_Arg1	452	-2216.0	8.176414315266183E-6 - 0.0 - 0 - 1 - 2217
nullify_D0_Arg2	453	-2216.0	8.176414315266183E-6 - 0.0 - 0 - 1 - 2217
emerge_D0_Arg1	454	-2216.0	3.270565726106473E-5 - 0.0 - 0 - 4 - 2217
much_D0_Arg1	455	-2216.0	8.176414315266183E-6 - 0.0 - 0 - 1 - 2217
set_D0_Arg1	456	-2216.0	3.270565726106473E-5 - 0.0 - 0 - 4 - 2217
bring_D0_Arg1	457	-2216.0	8.176414315266183E-6 - 0.0 - 0 - 1 - 2217
possess_D0_Arg1	458	-2216.0	8.176414315266183E-6 - 0.0 - 0 - 1 - 2217
localize_D0_Arg2	459	-2216.0	8.176414315266183E-6 - 0.0 - 0 - 1 - 2217
generally_D0_Arg1	460	-2216.0	4.9058485891597096E-5 - 0.0 - 0 - 6 - 2217
aim_D0_Arg1	461	-2216.0	2.4529242945798548E-5 - 0.0 - 0 - 3 - 2217
bid_D0_Arg1	462	-2216.0	8.176414315266183E-6 - 0.0 - 0 - 1 - 2217
prompt_D0_Arg1	463	-2216.0	8.176414315266183E-6 - 0.0 - 0 - 1 - 2217
operate_D0_Arg2	464	-2216.0	8.176414315266183E-6 - 0.0 - 0 - 1 - 2217
order_D0_Arg1	465	-2216.0	1.6352828630532366E-5 - 0.0 - 0 - 2 - 2217
persist_D0_Arg1	466	-2216.0	3.270565726106473E-5 - 0.0 - 0 - 4 - 2217
relieve_D0_Arg1	467	-2216.0	2.4529242945798548E-5 - 0.0 - 0 - 3 - 2217
study_D0_Arg1	469	-2216.0	8.176414315266183E-6 - 0.0 - 0 - 1 - 2217
likely_D0_Arg2	470	-2216.0	1.6352828630532366E-5 - 0.0 - 0 - 2 - 2217
need_D0_Arg1	471	-2216.0	8.176414315266183E-6 - 0.0 - 0 - 1 - 2217
retain_D0_Arg2	472	-2216.0	8.176414315266183E-6 - 0.0 - 0 - 1 - 2217
corresponding_D0_Arg1	473	-2216.0	1.6352828630532366E-5 - 0.0 - 0 - 2 - 2217
estimate_D0_Arg2	474	-2216.0	8.176414315266183E-6 - 0.0 - 0 - 1 - 2217
commonly_D0_Arg1	475	-2216.0	1.6352828630532366E-5 - 0.0 - 0 - 2 - 2217
rest_D0_Arg1	476	-2216.0	8.176414315266183E-6 - 0.0 - 0 - 1 - 2217
nearly_D0_Arg1	477	-2216.0	8.176414315266183E-6 - 0.0 - 0 - 1 - 2217
record_D0_Arg2	478	-2216.0	1.6352828630532366E-5 - 0.0 - 0 - 2 - 2217
appoint_D0_Arg2	479	-2216.0	8.176414315266183E-6 - 0.0 - 0 - 1 - 2217
observe_D0_Arg1	480	-2216.0	8.176414315266183E-6 - 0.0 - 0 - 1 - 2217
dictate_D0_Arg2	481	-2216.0	8.176414315266183E-6 - 0.0 - 0 - 1 - 2217
classify_D0_Arg2	482	-2216.0	1.6352828630532366E-5 - 0.0 - 0 - 2 - 2217
located_D0_Arg1	484	-2216.0	8.176414315266183E-6 - 0.0 - 0 - 1 - 2217
very_D0_Arg1	485	-2216.0	8.176414315266183E-6 - 0.0 - 0 - 1 - 2217
weaken_D0_Arg1	486	-2216.0	1.6352828630532366E-5 - 0.0 - 0 - 2 - 2217
weaken_D0_Arg2	487	-2216.0	1.6352828630532366E-5 - 0.0 - 0 - 2 - 2217
discussion_D0_Arg1	488	-2216.0	8.176414315266183E-6 - 0.0 - 0 - 1 - 2217
understand_D0_Arg1	489	-2216.0	8.176414315266183E-6 - 0.0 - 0 - 1 - 2217
present_D0_Arg2	490	-2216.0	3.270565726106473E-5 - 0.0 - 0 - 4 - 2217
clear_D0_Arg2	491	-2216.0	4.0882071576330914E-5 - 0.0 - 0 - 5 - 2217
easily_D0_Arg1	492	-2216.0	8.176414315266183E-6 - 0.0 - 0 - 1 - 2217
so_D0_Arg2	493	-2216.0	8.176414315266183E-6 - 0.0 - 0 - 1 - 2217
gap_D0_Arg1	494	-2216.0	8.176414315266183E-6 - 0.0 - 0 - 1 - 2217
away_D0_Arg1	495	-2216.0	8.176414315266183E-6 - 0.0 - 0 - 1 - 2217
soon_D0_Arg1	496	-2216.0	3.270565726106473E-5 - 0.0 - 0 - 4 - 2217
lack_D0_Arg1	497	-2216.0	8.176414315266183E-6 - 0.0 - 0 - 1 - 2217
about_D0_Arg1	498	-2216.0	8.176414315266183E-6 - 0.0 - 0 - 1 - 2217
generate_D0_Arg1	499	-2216.0	8.176414315266183E-6 - 0.0 - 0 - 1 - 2217
result_D0_Arg2	501	-2216.0	1.6352828630532366E-5 - 0.0 - 0 - 2 - 2217
work_D0_Arg1	502	-2216.0	2.4529242945798548E-5 - 0.0 - 0 - 3 - 2217
distinguish_D0_Arg2	503	-2216.0	8.176414315266183E-6 - 0.0 - 0 - 1 - 2217
infer_D0_Arg2	504	-2216.0	8.176414315266183E-6 - 0.0 - 0 - 1 - 2217
candidate_D0_Arg1	505	-2216.0	8.176414315266183E-6 - 0.0 - 0 - 1 - 2217
difficult_D0_Arg1	506	-2216.0	1.6352828630532366E-5 - 0.0 - 0 - 2 - 2217
purpose_D0_Arg1	507	-2216.0	8.176414315266183E-6 - 0.0 - 0 - 1 - 2217
retard_D0_Arg1	508	-2216.0	8.176414315266183E-6 - 0.0 - 0 - 1 - 2217
terminate_D0_Arg2	509	-2216.0	8.176414315266183E-6 - 0.0 - 0 - 1 - 2217
alternative_D0_Arg1	510	-2216.0	8.176414315266183E-6 - 0.0 - 0 - 1 - 2217
raise_D0_Arg1	511	-2216.0	8.176414315266183E-6 - 0.0 - 0 - 1 - 2217
commence_D0_Arg1	512	-2216.0	8.176414315266183E-6 - 0.0 - 0 - 1 - 2217
concern_D0_Arg1	513	-2216.0	8.176414315266183E-6 - 0.0 - 0 - 1 - 2217
differentiate_D0_Arg2	514	-2216.0	8.176414315266183E-6 - 0.0 - 0 - 1 - 2217
construct_D0_Arg2	516	-2216.0	8.176414315266183E-6 - 0.0 - 0 - 1 - 2217
near_D0_Arg1	517	-2216.0	8.176414315266183E-6 - 0.0 - 0 - 1 - 2217
recover_D0_Arg1	518	-2216.0	3.270565726106473E-5 - 0.0 - 0 - 4 - 2217
past_D0_Arg1	519	-2216.0	8.176414315266183E-6 - 0.0 - 0 - 1 - 2217
longer_D0_Arg1	520	-2216.0	8.176414315266183E-6 - 0.0 - 0 - 1 - 2217
eventually_D0_Arg1	521	-2216.0	2.4529242945798548E-5 - 0.0 - 0 - 3 - 2217
possess_D0_Arg2	522	-2216.0	2.4529242945798548E-5 - 0.0 - 0 - 3 - 2217
as_and_D1_Arg2_Arg2	523	-2216.0	4.90584858915971E-4 - 0.0 - 0 - 60 - 2217
however_be_D1_Arg1_Arg1	524	-2216.0	1.8805752925112222E-4 - 0.0 - 0 - 23 - 2217
direct_evidence_D1_Arg1_Arg2	527	-2216.0	8.176414315266183E-6 - 0.0 - 0 - 1 - 2217
report_evidence_D1_Arg2_Arg2	528	-2216.0	8.176414315266183E-6 - 0.0 - 0 - 1 - 2217
induce_and_D1_Arg2_Arg1	529	-2216.0	5.314669304923019E-4 - 0.0 - 0 - 65 - 2217
be_likely_D1_Arg2_Arg1	530	-2216.0	1.471754576747913E-4 - 0.0 - 0 - 18 - 2217
be_through_D1_Arg2_Arg1	531	-2216.0	4.9058485891597096E-5 - 0.0 - 0 - 6 - 2217
evidence_be_D1_Arg2_Arg1	532	-2216.0	3.270565726106473E-5 - 0.0 - 0 - 4 - 2217
likely_be_D1_Arg2_Arg1	533	-2216.0	3.270565726106473E-5 - 0.0 - 0 - 4 - 2217
in_parallel_D1_Arg1_Arg1	534	-2216.0	4.9058485891597096E-5 - 0.0 - 0 - 6 - 2217
be_parallel_D1_Arg2_Arg1	535	-2216.0	1.3082262904425893E-4 - 0.0 - 0 - 16 - 2217
in_find_D1_Arg1_Arg2	536	-2216.0	0.0011774036613983305 - 0.0 - 0 - 144 - 2217
have_find_D1_Arg2_Arg2	537	-2216.0	1.7170470062058985E-4 - 0.0 - 0 - 21 - 2217
in_inhibit_D1_Arg1_Arg2	538	-2216.0	1.471754576747913E-4 - 0.0 - 0 - 18 - 2217
not_in_D1_Arg1_Arg1	539	-2216.0	3.9246788713277677E-4 - 0.0 - 0 - 48 - 2217
but_in_D1_Arg1_Arg1	540	-2216.0	3.270565726106473E-4 - 0.0 - 0 - 40 - 2217
but_in_D1_Arg2_Arg1	541	-2216.0	4.4970278733964006E-4 - 0.0 - 0 - 55 - 2217
in_show_D1_Arg1_Arg2	543	-2216.0	0.0018396932209348911 - 0.0 - 0 - 225 - 2217
well_as_D1_Arg1_Arg1	544	-2216.0	5.151141018617696E-4 - 0.0 - 0 - 63 - 2217
as_as_D1_Arg1_Arg1	545	-2216.0	0.0015453423055853087 - 0.0 - 0 - 189 - 2217
by_as_D1_Arg2_Arg1	546	-2216.0	3.270565726106473E-5 - 0.0 - 0 - 4 - 2217
by_as_D1_Arg2_Arg2	549	-2216.0	1.6352828630532366E-5 - 0.0 - 0 - 2 - 2217
induce_and_D1_Arg1_Arg2	550	-2216.0	6.541131452212947E-5 - 0.0 - 0 - 8 - 2217
suggest_and_D1_Arg1_Arg2	551	-2216.0	7.358772883739565E-5 - 0.0 - 0 - 9 - 2217
reveal_and_D1_Arg2_Arg1	553	-2216.0	1.5535187199005747E-4 - 0.0 - 0 - 19 - 2217
show_and_D1_Arg2_Arg2	554	-2216.0	4.3334995870910773E-4 - 0.0 - 0 - 53 - 2217
in_enhance_D1_Arg1_Arg2	555	-2216.0	1.471754576747913E-4 - 0.0 - 0 - 18 - 2217
in_shift_D1_Arg1_Arg2	556	-2216.0	4.9058485891597096E-5 - 0.0 - 0 - 6 - 2217
be_shift_D1_Arg2_Arg2	557	-2216.0	3.270565726106473E-5 - 0.0 - 0 - 4 - 2217
in_exhibit_D1_Arg1_Arg1	558	-2216.0	1.471754576747913E-4 - 0.0 - 0 - 18 - 2217
suggest_exhibit_D1_Arg2_Arg1	559	-2216.0	3.270565726106473E-5 - 0.0 - 0 - 4 - 2217
in_and_D1_Arg1_Arg1	560	-2216.0	0.005420962691021479 - 0.0 - 0 - 663 - 2217
by_regulate_D1_Arg1_Arg2	562	-2216.0	8.176414315266183E-5 - 0.0 - 0 - 10 - 2217
indicate_regulate_D1_Arg2_Arg2	563	-2216.0	8.176414315266183E-6 - 0.0 - 0 - 1 - 2217
be_associate_D1_Arg2_Arg2	564	-2216.0	0.0014063432622257834 - 0.0 - 0 - 172 - 2217
be_accomplish_D1_Arg2_Arg2	565	-2216.0	1.6352828630532366E-5 - 0.0 - 0 - 2 - 2217
almost_completely_D1_Arg1_Arg1	567	-2216.0	9.811697178319419E-5 - 0.0 - 0 - 12 - 2217
by_be_D1_Arg1_Arg1	568	-2216.0	4.9058485891597096E-5 - 0.0 - 0 - 6 - 2217
be_relevant_D1_Arg2_Arg1	570	-2216.0	1.6352828630532366E-5 - 0.0 - 0 - 2 - 2217
by_regulate_D1_Arg2_Arg1	571	-2216.0	3.270565726106473E-5 - 0.0 - 0 - 4 - 2217
have_show_D1_Arg2_Arg2	572	-2216.0	4.7423203028543865E-4 - 0.0 - 0 - 58 - 2217
in_result_D1_Arg1_Arg1	573	-2216.0	0.0028208629387668333 - 0.0 - 0 - 345 - 2217
demonstrate_result_D1_Arg2_Arg1	574	-2216.0	8.176414315266183E-6 - 0.0 - 0 - 1 - 2217
show_and_D1_Arg2_Arg1	575	-2216.0	6.622895595365608E-4 - 0.0 - 0 - 81 - 2217
or_by_D1_Arg2_Arg1	579	-2216.0	2.7799808671905024E-4 - 0.0 - 0 - 34 - 2217
or_by_D1_Arg2_Arg2	580	-2216.0	5.7234900206863284E-5 - 0.0 - 0 - 7 - 2217
also_report_D1_Arg1_Arg2	582	-2216.0	8.176414315266183E-6 - 0.0 - 0 - 1 - 2217
or_on_D1_Arg2_Arg1	583	-2216.0	5.7234900206863284E-5 - 0.0 - 0 - 7 - 2217
in_arrest_D1_Arg1_Arg2	584	-2216.0	2.4529242945798548E-5 - 0.0 - 0 - 3 - 2217
show_result_D1_Arg2_Arg1	585	-2216.0	3.270565726106473E-5 - 0.0 - 0 - 4 - 2217
show_occur_D1_Arg2_Arg1	586	-2216.0	4.0882071576330914E-5 - 0.0 - 0 - 5 - 2217
show_require_D1_Arg2_Arg1	587	-2216.0	8.176414315266183E-6 - 0.0 - 0 - 1 - 2217
induce_and_D1_Arg2_Arg2	588	-2216.0	5.559961734381005E-4 - 0.0 - 0 - 68 - 2217
suggest_and_D1_Arg1_Arg1	592	-2216.0	8.176414315266183E-5 - 0.0 - 0 - 10 - 2217
in_and_D1_Arg2_Arg2	593	-2216.0	0.002649158238146243 - 0.0 - 0 - 324 - 2217
find_and_D1_Arg2_Arg1	594	-2216.0	1.9623394356638838E-4 - 0.0 - 0 - 24 - 2217
require_and_D1_Arg2_Arg2	595	-2216.0	1.2264621472899274E-4 - 0.0 - 0 - 15 - 2217
be_characterize_D1_Arg2_Arg1	596	-2216.0	1.1446980041372657E-4 - 0.0 - 0 - 14 - 2217
occur_and_D1_Arg1_Arg2	599	-2216.0	4.0882071576330914E-5 - 0.0 - 0 - 5 - 2217
observe_and_D1_Arg2_Arg2	600	-2216.0	6.541131452212947E-5 - 0.0 - 0 - 8 - 2217
regulate_and_D1_Arg2_Arg2	601	-2216.0	2.7799808671905024E-4 - 0.0 - 0 - 34 - 2217
by_inhibit_D1_Arg1_Arg1	602	-2216.0	1.2264621472899274E-4 - 0.0 - 0 - 15 - 2217
show_inhibit_D1_Arg2_Arg1	603	-2216.0	5.7234900206863284E-5 - 0.0 - 0 - 7 - 2217
by_and_D1_Arg2_Arg1	604	-2216.0	3.5976222987171207E-4 - 0.0 - 0 - 44 - 2217
can_enhance_D1_Arg2_Arg1	605	-2216.0	8.176414315266183E-6 - 0.0 - 0 - 1 - 2217
be_wonder_D1_Arg2_Arg2	606	-2216.0	1.6352828630532366E-5 - 0.0 - 0 - 2 - 2217
find_-_D1_Arg2_Arg1	607	-2216.0	8.176414315266183E-6 - 0.0 - 0 - 1 - 2217
find_-_D1_Arg2_Arg2	608	-2216.0	2.4529242945798548E-5 - 0.0 - 0 - 3 - 2217
up_be_D1_Arg1_Arg1	609	-2216.0	8.176414315266183E-6 - 0.0 - 0 - 1 - 2217
up_be_D1_Arg1_Arg2	610	-2216.0	1.6352828630532366E-5 - 0.0 - 0 - 2 - 2217
suggest_be_D1_Arg2_Arg1	611	-2216.0	4.1699713007857536E-4 - 0.0 - 0 - 51 - 2217
have_demonstrate_D1_Arg2_Arg2	612	-2216.0	2.7799808671905024E-4 - 0.0 - 0 - 34 - 2217
lack_but_D1_Arg2_Arg2	614	-2216.0	8.176414315266183E-6 - 0.0 - 0 - 1 - 2217
be_unable_D1_Arg2_Arg2	615	-2216.0	3.1070374398011494E-4 - 0.0 - 0 - 38 - 2217
suggest_and_D1_Arg2_Arg2	617	-2216.0	3.270565726106473E-5 - 0.0 - 0 - 4 - 2217
find_cause_D1_Arg2_Arg1	618	-2216.0	2.4529242945798548E-5 - 0.0 - 0 - 3 - 2217
be_visible_D1_Arg2_Arg1	619	-2216.0	3.270565726106473E-5 - 0.0 - 0 - 4 - 2217
be_inhibit_D1_Arg2_Arg2	620	-2216.0	1.6352828630532366E-4 - 0.0 - 0 - 20 - 2217
be_correlate_D1_Arg2_Arg2	626	-2216.0	2.1258677219692076E-4 - 0.0 - 0 - 26 - 2217
able_assign_D1_Arg2_Arg2	627	-2216.0	1.6352828630532366E-5 - 0.0 - 0 - 2 - 2217
hence_appear_D1_Arg1_Arg1	628	-2216.0	1.6352828630532366E-5 - 0.0 - 0 - 2 - 2217
hence_appear_D1_Arg1_Arg2	629	-2216.0	3.270565726106473E-5 - 0.0 - 0 - 4 - 2217
be_restricted_D1_Arg2_Arg2	630	-2216.0	3.270565726106473E-5 - 0.0 - 0 - 4 - 2217
suggest_restricted_D1_Arg2_Arg2	631	-2216.0	1.6352828630532366E-5 - 0.0 - 0 - 2 - 2217
be_great_D1_Arg2_Arg1	632	-2216.0	8.176414315266183E-5 - 0.0 - 0 - 10 - 2217
by_accompany_D1_Arg1_Arg2	633	-2216.0	3.270565726106473E-5 - 0.0 - 0 - 4 - 2217
